"Document Title",Authors,"Author Affiliations","Publication Title",Date Added To Xplore,"Publication Year","Volume","Issue","Start Page","End Page","Abstract","ISSN",ISBNs,"DOI",Funding Information,PDF Link,"Author Keywords","IEEE Terms","Mesh_Terms",Article Citation Count,Patent Citation Count,"Reference Count","License",Online Date,Issue Date,"Meeting Date","Publisher",Document Identifier
"Ant Colony Optimization Based UAV Path Planning for Autonomous Agricultural Spraying","H. Zheng","School of Intelligent System Science and Engineering, Jinan University, Zhuhai, China","2022 IEEE 5th International Conference on Automation, Electronics and Electrical Engineering (AUTEEE)","2 Jan 2023","2022","","","910","916","The use of unmanned aerial vehicles (UAVs) for pesticide spraying in agricultural settings is growing rapidly. In this context, path planning directly affects the efficiency of the system. However, the most recently used method failed to fully exploit the maneuverability and energy of UAVs. This study begins by introducing a model of energy consumption, from which an objective function based on energy is derived. Then, considering the spraying constraint of the real scenario, the problem is finally simplified as a variation multiple traveling salesman problem (mTSP). Explicitly, an Ant Colony Optimization (ACO) based algorithm is conceived for solving the problem. The simulation outcome is provided to demonstrate the effectiveness of our algorithm.","2831-4549","978-1-6654-7197-8","10.1109/AUTEEE56487.2022.9994402","","https://ieeexplore.ieee.org/stamp/stamp.jsp?arnumber=9994402","Unmanned aerial vehicle (UAV);path planing;advanced ant colony optimization;autonomous spraying;agriculture robotics","Energy consumption;Ant colony optimization;Simulation;Spraying;Traveling salesman problems;Autonomous aerial vehicles;Linear programming","","4","","23","IEEE","2 Jan 2023","18-20 Nov. 2022","18-20 Nov. 2022","IEEE","IEEE Conferences"
"AI-driven Hybrid System for Optimal Route Planning of UAVs in Precision Agriculture","V. M. Sineglazov; R. S. Koniushenko","Aviation Computer-Integrated Complexes Department, State University ""Kyiv Aviation Institute"", Kyiv, Ukraine; Aviation Computer-Integrated Complexes Department, State University ""Kyiv Aviation Institute"", Kyiv, Ukraine",2025 IEEE 8th International Conference on Methods and Systems of Navigation and Motion Control (MSNMC),"24 Feb 2026","2025","","","1","6","The growing use of unmanned aerial vehicles in precision agriculture requires advanced methods for route optimization that ensure full area coverage, energy efficiency, and adaptability to field constraints. This paper presents a hybrid approach to drone path planning that integrates Ant Colony Optimization for global routing between subregions and binary gridding for local coverage. The model considers complex field geometries, obstacles, and dynamic energy consumption influenced by speed, altitude, wind, and route configuration. An adaptive recovery mechanism ensures mission continuity in case of low battery, enabling the drone to return, recharge, and resume from the last covered point. Experimental validation on real agricultural datasets demonstrates the superiority of the proposed method over classical techniques in terms of route length, execution time, and number of returns to base. The results confirm the potential of hybrid metaheuristic-based approaches for achieving autonomous and efficient drone operations in modern agriculture.","","979-8-3315-6961-7","10.1109/MSNMC61130.2025.11399722","","https://ieeexplore.ieee.org/stamp/stamp.jsp?arnumber=11399722","unmanned aerial vehicles;precision agriculture;path planning;ant colony optimization;energy efficiency;binary gridding;autonomous drone;mission recovery","Precision agriculture;Ant colony optimization;Adaptation models;Energy consumption;Wind speed;Routing;Path planning;Energy efficiency;Planning;Drones","","","","25","IEEE","24 Feb 2026","21-24 Oct. 2025","21-24 Oct. 2025","IEEE","IEEE Conferences"
"Swarm Intelligence-Based Multi-UAV Cooperative Coverage and Path Planning for Precision Pesticide Spraying in Irregular Farmlands","D. Zhou","Shenzhen Xiaozhi Biotechnology Co., Ltd. (China), Shenzhen, China",2025 3rd International Conference on Artificial Intelligence and Automation Control (AIAC),"15 Jan 2026","2025","","","395","398","Achieving precise pesticide spraying tasks in irregular farmland faces multiple challenges such as multi-UAV path coordination, coverage efficiency optimization, and energy consumption control, especially in environments with complex terrain and significant changes in crop density. To this end, this paper proposes a multi-UAV collaborative coverage and path planning model (SI-MUCCPP) based on swarm intelligence, which is improved on the basis of the existing artificial bee colony algorithm (ABC), and integrates the Voronoi adaptive zoning strategy and dynamic Dubins curve path planning method with area awareness. Model includes three core innovations: (1) The adaptive regional subdivision module, which constructs the loadbalanced Voronoi division of irregular farmland by introducing crop density and terrain complexity weights. (2) The role-dividing group collaboration mechanism simulates the foraging behavior of bee colonies, and dynamically assigns the roles of detectors, boundary followers and replenishers to improve the efficiency of multi-machine cooperation and reduce repeated spraying. (3) The hybrid fitness function design comprehensively considers the coverage integrity, flight time, energy consumption minimization and obstacle avoidance constraints, and introduces an improved search operator based on reverse learning and local perturbation to achieve optimal path convergence under complex terrain in the global-local two-stage iteration. Experimental results show that the proposed SI-MUCCCPP model improves the coverage efficiency by 17.6% and reduces the total energy consumption by 12.3% compared with the traditional method.","","979-8-3315-5448-4","10.1109/AIAC68175.2025.11332446","","https://ieeexplore.ieee.org/stamp/stamp.jsp?arnumber=11332446","Swarm Intelligence;Irregular Farmlands;Coverage Path Planning;Precision Pesticide Spraying","Energy consumption;Adaptation models;Spraying;Crops;Collaboration;Pesticides;Wind farms;Path planning;Swarm intelligence;Optimization","","1","","16","IEEE","15 Jan 2026","15-17 Oct. 2025","15-17 Oct. 2025","IEEE","IEEE Conferences"
"Ant Colony Optimization for UAV-based Intelligent Pesticide Irrigation System","Z. Gao; J. Zhu; H. Huang; Y. Yang; X. Tan","Nanjing University of Aeronautics and Astronautics, Nanjing, China; Jiangsu High Technology Research Key Laboratory for Wireless Sensor Networks, Nanjing, China; Nanjing University of Aeronautics and Astronautics, Nanjing, China; Nanjing University of Posts and Telecommunications, Nanjing, China; Nanjing University of Posts and Telecommunications, Nanjing, China",2021 IEEE 24th International Conference on Computer Supported Cooperative Work in Design (CSCWD),"28 May 2021","2021","","","720","726","The application of unmanned aerial vehicle (UAV) to achieve precision irrigation in agriculture is a hot research topic in the industry. However, much spay and much leakage of pesticide are tricky for the current UAV-based irrigation methods to deal with. In this paper, we propose a new UAV-based irrigation system for precision agriculture. First, considering that different areas in the same farmland may have different pesticide shortage, a map preprocess strategy is introduced to divide the entire farmland into pieces. Second, we establish a UAV precision irrigation model and put forward an adaptive and fast dynamic ant colony optimization (AFD-ACO) algorithm to minimize the longest flight path with the lowest energy consumption and pesticide residues. In order to promote the efficiency and the optimization effect, we utilize the scent pervasion rule to make the global map preprocessed and the neighborhood adaptive search policy to accomplish planning work. Finally, comparing with other two ACO-based algorithms, the proposed algorithm is proved to be effective for the research problem, especially when the more pieces the farmland is divided, the better our solution performs.","","978-1-7281-6597-4","10.1109/CSCWD49262.2021.9437825","Natural Science Foundation of Jiangsu Province(grant numbers:BK20201375); ","https://ieeexplore.ieee.org/stamp/stamp.jsp?arnumber=9437825","adaptive and fast dynamic ant colony optimization(AFD-ACO);path planning;precision agriculture","Irrigation;Ant colony optimization;Adaptation models;Heuristic algorithms;Power system stability;Unmanned aerial vehicles;Stability analysis","","7","","18","IEEE","28 May 2021","5-7 May 2021","5-7 May 2021","IEEE","IEEE Conferences"
"Optimized UAV Trajectory Planning for Precision Agriculture Using Wireless Sensor Networks","P. Parameswari; V. Sujitha; J. Surya; B. S. A. Kumar; S. Aakash","Information Technology, Kumaraguru College of Technology, Coimbatore, India; Information Technology, Kumaraguru College of Technology, Coimbatore, India; Data Science, Kumaraguru College of Technology, Coimbatore, India; Computer Science and Engineering, Kumaraguru College of Technology, Coimbatore, India; Computer Science and Engineering, Kumaraguru College of Technology, Coimbatore, India","2025 3rd International Conference on Advancements in Electrical, Electronics, Communication, Computing and Automation (ICAECA)","2 Jun 2025","2025","","","1","6","The effectiveness of unmanned aerial vehicle (UAV) planning stands vital for precision agricultural services because it creates optimized resource utilization and raises productivity levels. The machine learning-based UAV flight planning system operates specifically for arable lands utilizing climate and wind power to generate secure and energy-efficient precise flight paths. KNN osmotic pressure (k-nearest Neighbors) enables the system to evaluate wind patterns and environmental parameters through its analysis process. A deep folding module (CNN) operates within the UAV system to detect pests after which it alerts operators about identified solutions. The current image classification system managed through openCV directs the independent operational capabilities of the CNN model which performs pest detection among plant species. The system enhances UAV-based farming automation by implementing intelligent mission programming and active pilot identification which results in cost reduction and enhanced harvest quality. The research demonstrates that using ML solutions develops efficient flight paths with accurate pest-detection systems which enable precise agricultural techniques for eco-friendly agriculture.","","979-8-3315-2543-9","10.1109/ICAECA63854.2025.11012516","","https://ieeexplore.ieee.org/stamp/stamp.jsp?arnumber=11012516","UAV;trajectory planning;precision agriculture;machine learning;KNN;convolutional neural networks;pest detection;OpenCV","Precision agriculture;Wireless sensor networks;Wind;Automation;Trajectory planning;Nearest neighbor methods;Wind power generation;Autonomous aerial vehicles;Planning;Convolutional neural networks","","1","","15","IEEE","2 Jun 2025","4-5 April 2025","4-5 April 2025","IEEE","IEEE Conferences"
"Boosting Farm Efficiency: An Ant Colony Optimization Approach to Smart Agriculture","W. K. Lai; L. C. Tay; L. L. Lim; W. C. Tan; L. S. Siang","Centre for Multimodal Signal Processing, Faculty of Engineering & Technology TAR University of Management & Technology, Kuala Lumpur, Malaysia; Centre for Multimodal Signal Processing, Faculty of Engineering & Technology TAR University of Management & Technology, Kuala Lumpur, Malaysia; Centre for Multimodal Signal Processing, Faculty of Engineering & Technology TAR University of Management & Technology, Kuala Lumpur, Malaysia; University Partnership (Coventry University) PS Academy, Singapore; Aonic Sdn Bhd. Taman Perindustrain UEP, Subang Jaya, Selangor, Malaysia",2024 IEEE International Conference on Smart Computing (SMARTCOMP),"24 Jul 2024","2024","","","314","319","The production of palm oil on a commercial scale is labour intensive with many of its processes handled by humans. In some countries, there can be as many as 500,000 plantation workers in the palm oil sector as the plantations are usually large. However, such dependence on humans for low skill manual work has led to many problems. Unmanned aerial vehicles (UAVs) have been seen as a possible alternative to support some of the processes that require low skills in the palm oil industry. However, the flying time of the UAVs is finite and hence it is important to maximize the number of palm trees that it can service. In this paper, problem of area segmenting is modeled as a bin packing problem. In addition, Ant Colony Optimization was used to assign an optimal number of palm trees for each segmented area that can be comfortably serviced by the agriculture UAV. Good results were obtained for various data sets especially when compared with other methods as well as the results computed by the human experts.","2693-8340","979-8-3503-4994-8","10.1109/SMARTCOMP61445.2024.00074","","https://ieeexplore.ieee.org/stamp/stamp.jsp?arnumber=10595672","Path planning;UAVs;swarm intelligence;Ant Colony Optimization;area segmentation;smart agriculture","Smart agriculture;Ant colony optimization;Oils;Metaheuristics;Plantations;Production;Autonomous aerial vehicles","","1","","21","IEEE","24 Jul 2024","29 June-2 July 2024","29 June-2 July 2024","IEEE","IEEE Conferences"
"3D Flight Path Planning for UAV Based on Improved Particle Swarm Optimization Algorithm","C. Li; Q. Zhao; C. Che","School of Science, Shandong Jianzhu University, Jinan, Shandong, China; School of Science, Shandong Jianzhu University, Jinan, Shandong, China; School of Science, Shandong Jianzhu University, Jinan, Shandong, China",IEEE Access,"3 Mar 2025","2025","13","","36637","36646","Unmanned aerial vehicle (UAV) has been widely used in various fields such as agriculture, petroleum, military, meteorology, and geographic surveying. In actual flight, unmanned aerial vehicle needs to find the shortest path and avoid all threats. An improved particle swarm optimization algorithm combined with genetic algorithm method is presented in this paper to solve the path planning problem of UAV which easily falls into local optimization. The algorithm enhances early stage global search capability and later period local optimization capability compared to traditional particle swarm algorithm. To ensure that particles are distributed in key search areas of the environment, Gaussian distribution is used to initialize the particle distribution. Optimization ability can be further improved by the linear transformation operation on the well performing particles. Logistic function is employed to set the dynamic mutation probability. To improve the global search capability, random initialization operations are performed on particles with poor performance. Simulations in simple terrain and complex terrain environment are carried out to testify the feasibility and efficiency of the proposed improved algorithm.","2169-3536","","10.1109/ACCESS.2025.3543175","Foundation of Shandong Jianzhu University(grant numbers:H21010Z,H22135Z,XJG2023034); Education Science Planning Project of Shandong Province(grant numbers:2022CZD006); Ministry of Education’s Industry University Cooperation Collaborative Education Project(grant numbers:231107099132923); 2023 Jinan City School Integration Development Strategy Project: Research and Demonstration of a Federated Learning Open Platform for E-Commerce Recommendation(grant numbers:JNSX2023064); ","https://ieeexplore.ieee.org/stamp/stamp.jsp?arnumber=10891774","3Dpathplanning;UAV;particle swarm optimization;genetic algorithm","Autonomous aerial vehicles;Path planning;Optimization;Costs;Particle swarm optimization;Three-dimensional displays;Mathematical models;Splines (mathematics);Genetic algorithms;Convergence","","5","","23","CCBY","18 Feb 2025","2025","","IEEE","IEEE Journals"
"Enhancing Precision Agriculture Through PSO-Enabled Drones: Targeted Pest Control in Indonesian Rice Cultivation","A. Risnumawan; A. Maliki; I. A. Sulistijono; F. Gamar","Mechatronics Engineering Division, Politeknik Elektronika Negeri Surabaya, Surabaya, Indonesia; Mechatronics Engineering Division, Politeknik Elektronika Negeri Surabaya, Surabaya, Indonesia; Mechatronics Engineering Division, Politeknik Elektronika Negeri Surabaya, Surabaya, Indonesia; Mechatronics Engineering Division, Politeknik Elektronika Negeri Surabaya, Surabaya, Indonesia","2023 8th International Conference on Electrical, Electronics and Information Engineering (ICEEIE)","6 Dec 2023","2023","","","1","6","This study presents an application of aerial vehicles (UAVs), commonly known as drones, integrated with computer vision technology to detect and treat pests in precision agriculture. The focus is on rice cultivation in Indonesia, where pest infestations have contributed to a decline in the area. To address this issue, the paper proposes an approach that combines the Particle Swarm Optimization (PSO) model with Visible Atmospherically Resistant Index (VARI) imaging. This combination allows for targeted spraying in areas identified as infested by pests, significantly improving efficiency. Drawing inspiration from the behavior of birds flocking or fish schooling, PSO, a stochastic technique based on population, utilizes a set of particles to evolve and find the optimum through iterative processes. Each particle, characterized by its velocity and position, navigates towards areas based on its best fitness value, thereby determining an optimal path for the drone. The effectiveness of PSO has been previously demonstrated in path planning for plantations and coconut detection for harvesting, highlighting its versatility. This research contributes to the community by showcasing the efficacy of utilizing PSO within UAVs for pest management and optimizing spraying operations. However, it should be noted that certain limitations exist, such as identifying one area and encountering challenges when translating paths into real-world conditions. Moving forward, researchers can direct their efforts toward addressing these obstacles to maximize the potential of UAVs in Precision Agriculture.","","979-8-3503-4050-1","10.1109/ICEEIE59078.2023.10334868","","https://ieeexplore.ieee.org/stamp/stamp.jsp?arnumber=10334868","Unmanned Aerial Vehicles (UAVs) / Drones;Particle Swarm Optimization (PSO);Visible Atmospherically Resistant Index (VARI) Imaging;Computer Vision;Precision Agriculture","Resistance;Computer vision;Computational modeling;Spraying;Imaging;Indexes;Particle swarm optimization","","4","","16","IEEE","6 Dec 2023","28-29 Sept. 2023","28-29 Sept. 2023","IEEE","IEEE Conferences"
"A Path Planning Method for UAV Target Detection Based on Improved Genetic Algorithm","S. Xu; H. Li; H. Gao","College of Computer Science and Software Engineering, Hohai University, Nanjing, China; College of Computer Science and Software Engineering, Hohai University, Nanjing, China; College of Information Science and Engineering, Hohai University, Nanjing, China",2025 11th International Conference on Computing and Artificial Intelligence (ICCAI),"11 Aug 2025","2025","","","482","486","The studies of Unmanned aerial vehicles (UAVs) have received much attention due to their wide applications in the courier delivery, target detection, precision agriculture, and disaster rescue and others. Path planning is one of the core technologies in the UAV field, aiming to provide feasible, safe, and optimal flight paths for UAVs to meet the flying requirements in complex environments. Effective path planning can improve the adaptability of UAVs in various complex environments. Traditional path planning methods, although capable of finding reasonable paths, often suffer from slow convergence speed and the tendency to fall into local optima. To address these shortcomings, this paper proposes an improved Genetic Algorithm (MLGA) combining Meta-learning and local search mechanisms for UAV target detection task path planning. The algorithm can dynamically adjust parameters based on the performance at different stages, allowing it to self-optimize according to task changes, while enhancing its local search capability. This leads to improved solution quality and faster convergence. Simulation results show that MLGA outperforms several other algorithms in solving path planning problems.","","979-8-3315-2491-3","10.1109/ICCAI66501.2025.00079","National Natural Science Foundation of China; ","https://ieeexplore.ieee.org/stamp/stamp.jsp?arnumber=11106149","UAV;path planning method;Genetic Algorithm;MLGA","Metalearning;Precision agriculture;Heuristic algorithms;Simulation;Disasters;Object detection;Autonomous aerial vehicles;Path planning;Genetic algorithms;Convergence","","1","","15","IEEE","11 Aug 2025","28-31 March 2025","28-31 March 2025","IEEE","IEEE Conferences"
"Intelligent Obstacle Avoidance and Path Planning with V-Shape algorithm for Drones Using Feature-Enriched Deep Learning in Agriculture and Forest Application","P. R. K. S; M. Odeh; P. M; R. Manasa; C. Muralikrishna; A. K","Department of Information Technology, Easwari Engineering College, Chennai; Department of Cyber Security, Faculty of Information Technology, Zarqa University; Department of CSE, QIS College of Engineering and Technology, Andhra Pradesh, India; Department of CSE, QIS College of Engineering and Technology, Andhra Pradesh, India; Department of Mechanical Engineering, MLR Institute of Technology, Hyderabad, Telangana, India; Department of ECE, New Horizon College of Engineering, Bangalore, India",2025 International Conference on Recent Innovation in Science Engineering and Technology (ICRISET),"28 Nov 2025","2025","","","1","9","The demand for smart and efficient Unmanned Aerial Vehicle (UAV) operations in precision agriculture leads to the development of advanced models for better detection, navigation, and energy use. This study presents the Intelligent Obstacle Avoidance and Path Planning with V-Shape algorithm for Drones Using Feature-Enriched Deep Learning in Agriculture and Forest Application (IOPFDL) model, which enhances weed identification, obstacle avoidance, and swarm UAV activities. It utilizes deep learning techniques like the Channel Attention Model (CAM) for improved feature selection and Ghost Convolution to maintain detection accuracy while reducing computational costs. A dynamic obstacle avoidance system is controlled by CPU and SNR monitoring, shifting tasks to the cloud to ensure smooth operations under varying workloads. The TD3 method plans adaptive global routes and uses AWS SageMaker for cloud processing. An energy optimization feature selectively activates rangefinders in the UAV swarm to lower resource consumption. The V-Shape flight patterns are optimized using an improved Ant Colony Optimization (ACO) technique to enhance energy recovery and decrease drag. Simulations show that the optimized V-Shape formations save up to 15.7% energy for smaller drone groups, and Vertical Line formations cut energy use by 22.3% for larger swarms. IOPFDL model excels in accuracy and stability compared to baseline models, achieving over 0.73 precision and about 0.72 recall rates.","","979-8-3315-5833-8","10.1109/ICRISET64803.2025.11253937","","https://ieeexplore.ieee.org/stamp/stamp.jsp?arnumber=11253937","Unmanned Aerial Vehicle (UAV);Channel Attention Model (CAM);Twin Delayed Deep Deterministic Policy Gradient (TD3);Signal-to-Noise Ratio (SNR);and Ant Colony Optimization (ACO)","Deep learning;Precision agriculture;Accuracy;Computational modeling;Autonomous aerial vehicles;Real-time systems;Collision avoidance;Vehicle dynamics;Drones;Signal to noise ratio","","","","22","IEEE","28 Nov 2025","1-2 Aug. 2025","1-2 Aug. 2025","IEEE","IEEE Conferences"
"Research on Path Planning Problem of Multi-UAV Data Acquisition System for Emergency Scenario","W. Han; W. Li","School of Telecommunication Engineering, Beijing Polytechnic, Beijing, China; School of Telecommunication Engineering, Beijing Polytechnic, Beijing, China",2021 International Conference on Electronic Information Technology and Smart Agriculture (ICEITSA),"16 Feb 2022","2021","","","210","215","Due to its high mobility, low cost, easy deployment, scalability, and intelligent characteristics, UAV has been widely used in the military and civil fields. However, considering that the endurance of UAV itself is limited to a certain extent, and the terrain of the affected area is often complex, and there is a lot of information to be collected, Therefore, reasonable path planning is the key to improving the efficiency of UAV data collection. By analyzing the above background, it leads to the significance of UAV path planning in emergency scenarios. Then, starting from the path planning of a single UAV, the classic algorithms of path planning of a single UAV are investigated, and the basic ideas and algorithm flow are analyzed. Thirdly, given the characteristics of the need to improve the efficiency of information retrieval in emergency scenarios, it is analyzed that compared with a single UAV, multi-UAV has higher search efficiency, better system stability, and is easier to realize in practical application. Ant colony algorithm is used to realize the cooperative search of multiple UAVs. In this part, the modeling process, design idea, search principle, and other details of the algorithm are introduced in detail, and its advantages are analyzed. After that, the feasibility of the algorithm is verified by simulation, and the advantages compared with other algorithms are compared. Finally, the shortcomings of the current algorithm and prospects are analyzed, and ideas for improvement are proposed.","","978-1-6654-1300-8","10.1109/ICEITSA54226.2021.00049","","https://ieeexplore.ieee.org/stamp/stamp.jsp?arnumber=9707296","Multi-UAV;path planning;a * algorithm;ant colony algorithm","Process design;Scalability;Market research;Information retrieval;Path planning;Stability analysis;Information technology","","2","","10","IEEE","16 Feb 2022","10-12 Dec. 2021","10-12 Dec. 2021","IEEE","IEEE Conferences"
"Coverage Path Planning Optimization of Heterogeneous UAVs Group for Precision Agriculture","R. I. Mukhamediev; K. Yakunin; M. Aubakirov; I. Assanov; Y. Kuchin; A. Symagulov; V. Levashenko; E. Zaitseva; D. Sokolov; Y. Amirgaliyev","Institute of Automation and Information Technology, Satbayev University (KazNRTU), Almaty, Kazakhstan; Institute of Automation and Information Technology, Satbayev University (KazNRTU), Almaty, Kazakhstan; Maharishi International University, Fairfield, IA, USA; Institute of Automation and Information Technology, Satbayev University (KazNRTU), Almaty, Kazakhstan; Institute of Automation and Information Technology, Satbayev University (KazNRTU), Almaty, Kazakhstan; Institute of Automation and Information Technology, Satbayev University (KazNRTU), Almaty, Kazakhstan; Faculty of Management Science and Informatics, University of Žilina, Žilina, Slovakia; Faculty of Management Science and Informatics, University of Žilina, Žilina, Slovakia; CNRS, Inria, LORIA, Université de Lorraine, Nancy, France; Institute of Information and Computational Technologies, Almaty, Kazakhstan",IEEE Access,"20 Jan 2023","2023","11","","5789","5803","Precision farming is one of the ways of transition to the intensive methods of agricultural production. The case of application of unmanned aerial vehicles (UAVs) for solving problems of agriculture and animal husbandry is among the actively studied issues. The UAV is capable of solving the tasks of monitoring, fertilizing, herbicides, etc. However, the effective use of UAV requires to solve the tasks of flight planning, taking into account the heterogeneity of the available attachments and the problem solved in the process of the overflight. This research investigates the problem of flight planning of a group of heterogeneous UAVs applied to solving the issues of coverage, which may arise both in the course of monitoring and in the process of the implementation of agrotechnical measures. The method of coverage path planning of heterogenic UAVs group based on a genetic algorithm is proposed; this method provides planning of flight by a group of UAVs using a moving ground platform on which UAVs are recharged and refueled (multi heterogenic UAVs coverage path planning with moving ground platform (mhCPPmp)). This method allows calculating a fly by to solve the task of covering fields of different shapes and permits selecting the optimal subset of UAVs from the available set of devices; it also provides a 10% reduction in the cost of a flyby compared to an algorithm that does not use heterogeneous UAVs or a moving platform.","2169-3536","","10.1109/ACCESS.2023.3235207","Science Committee of the Ministry of Education and Science of the Republic of Kazakhstan through the Development and Adaptation of Computer Vision and Machine Learning Methods for Solving Precision Agriculture Problems Using Unmanned Aerial Systems(grant numbers:AP14869972); Science Committee of the Ministry of Education and Science of the Republic of Kazakhstan through the Development of Intelligent Data Processing and Flight Planning Models for Precision Farming Tasks Using UAVs(grant numbers:AP08856412); Science Committee of the Ministry of Education and Science of the Republic of Kazakhstan through the Development of a Data Mining System for Monitoring Dams and Other Engineering Structures under the Conditions of Man-Made and Natural Impacts(grant numbers:BR18574144); Science Committee of the Ministry of Education and Science of the Republic of Kazakhstan through the Space Monitoring and GIS for Quantitative Assessment of Soil Salinity and Degradation of Agricultural Lands in South Kazakhstan(grant numbers:BR10965172); Slovak Research and Development Agency through the New Methods Development for Reliability Analysis of Complex System(grant numbers:APVV-18–0027); Ministry of Education, Science, Research, and Sport of the Slovak Republic through the New Approaches of Reliability Analysis of Non-Coherent Systems(grant numbers:VEGA 1/0165/21); ","https://ieeexplore.ieee.org/stamp/stamp.jsp?arnumber=10011226","Precision agriculture;heterogeneous UAVs;monitoring;coverage path planning","Path planning;Precision engineering;Monitoring;Genetic algorithms;Path planning;Agriculture;Wireless sensor networks;Smart agriculture","","107","","76","CCBY","9 Jan 2023","2023","","IEEE","IEEE Journals"
"Research on Optimal Spraying Path of Agricultural Unmanned Aerial Vehicle Based on Particle Swarm and Genetic Algorithm","Y. Zhou","College of Engineering, Northeast Agricultural University, Harbin, China","2024 International Conference on Electronics and Devices, Computational Science (ICEDCS)","16 Jan 2025","2024","","","517","521","With the rapid development of intelligent agriculture, intelligent agricultural machinery is continuously applied to agricultural production. But for agricultural UAVs in the spraying operation process of the path planning research, this paper firstly analyzed the optimal spraying path planning for agricultural drones, and used particle swarm algorithm (PSO) to optimize it, and secondly used genetic algorithm (GA) to carry out planning research on the paths of agricultural drones, and finally used MATLAB to carry out simulation on the path planning under PSO and GA, and compared the differences between the two algorithms and given the final optimized paths. Through the simulation comparison and analysis, it was found that the path planning results under PSO were more accurate, and there were fewer computational steps under GA, which verified the feasibility and validity of the optimization algorithm model through simulation comparison and analysis and provided an effective basis for the subsequent design of agricultural UAVs.","","979-8-3315-2762-4","10.1109/ICEDCS64328.2024.00098","","https://ieeexplore.ieee.org/stamp/stamp.jsp?arnumber=10834838","Agricultural drones;particle swarm algorithms;genetic algorithms;path planning","Accuracy;Spraying;Genetics;Path planning;Mathematical models;Planning;Particle swarm optimization;MATLAB;Optimization;Genetic algorithms","","","","12","IEEE","16 Jan 2025","23-25 Sept. 2024","23-25 Sept. 2024","IEEE","IEEE Conferences"
"Smart Path Planning for UAV Navigation in Apple Orchards Using Digital Twin Validation","A. Chatzisavvas; D. Ziouzios; N. Baras; G. Papamichail; M. Dasygenis","Department of Electrical & Computer Engineering, University of Western Macedonia, Kozani, Greece; Department of Electrical & Computer Engineering, University of Western Macedonia, Kozani, Greece; Department of Electrical & Computer Engineering, University of Western Macedonia, Kozani, Greece; Department of Electrical & Computer Engineering, University of Western Macedonia, Kozani, Greece; Department of Electrical & Computer Engineering, University of Western Macedonia, Kozani, Greece","2025 10th South-East Europe Design Automation, Computer Engineering, Computer Networks and Social Media Conference (SEEDA-CECNSM)","19 Jan 2026","2025","","","1","4","This paper proposes an effective strategy for autonomous UAV path planning in apple orchards, aiming to enhance operational efficiency and flight safety in agricultural environments. The orchard is represented as a weighted graph, where each node corresponds to an apple tree and the edges are assigned weights equal to the Euclidean distances between trees. By employing Dijkstra's algorithm, the optimal route connecting selected apple trees is computed, enabling the UAV to traverse the orchard with minimal travel distance. To further refine the computed trajectory and ensure smooth and stable flight dynamics, a moving average smoothing technique is applied to the discrete path points, significantly reducing abrupt directional changes. The resulting smoothed path facilitates safer and more reliable UAV navigation, making the proposed strategy wellsuited for precision agriculture tasks such as crop inspection, yield monitoring, and targeted spraying in operational apple orchard environments. The effectiveness of the strategy was validated through digital twin simulations implemented in MATLAB, replicating the orchard environment and UAV dynamics.","","979-8-3315-7102-3","10.1109/SEEDA-CECNSM68644.2025.11329958","European Union(grant numbers:KA220-HED-89BA8390); ","https://ieeexplore.ieee.org/stamp/stamp.jsp?arnumber=11329958","Apple orchard;Digital twin;UAV;Path planning;Moving average smoothing;Autonomous navigation","Smoothing methods;Navigation;Social networking (online);Trees (botanical);Spraying;Autonomous aerial vehicles;Digital twins;Trajectory;Safety;Reliability","","","","11","IEEE","19 Jan 2026","19-21 Sept. 2025","19-21 Sept. 2025","IEEE","IEEE Conferences"
"UAV swarms & Task allocation: the way ahead in precision agriculture","I. Karampelia; T. Kyriakidis; M. Louta","Department of Electrical and Computer Engineering, Faculty of Engineering, University of Western Macedonia, Kozani, Greece; Department of Electrical and Computer Engineering, Faculty of Engineering, University of Western Macedonia, Kozani, Greece; Department of Electrical and Computer Engineering, Faculty of Engineering, University of Western Macedonia, Kozani, Greece","2023 14th International Conference on Information, Intelligence, Systems & Applications (IISA)","15 Dec 2023","2023","","","1","8","Unmanned Aerial Vehicle (UAV) swarms are increasingly being used in various applications, including environmental monitoring, search and rescue operations, and surveillance. One of the primary challenges of UAV swarm technology is task allocation, which involves assigning tasks to individual drones within the swarm. Task allocation is a complex problem, and traditional algorithms may not be effective in large-scale and dynamic environments. In this paper, we introduce the concept of a task allocation model for UAV swarms aiming to optimize the task allocation process by considering the drones' capabilities and the requirements of the task while minimizing the overall energy consumption. Additionally, we discuss other challenges associated with UAV swarm technology, such as communication and routing protocols, swarm intelligence, collision avoidance, formation controls and task allocation algorithms. This research aims to identify key challenges and research gaps associated with the use of algorithms for UA V swarm task allocation and propose potential solutions and future research directions to overcome these challenges and enable the full potential of UAV swarm technology in various applications, such as precision agriculture. Specifically, in future work, we plan to evaluate the effectiveness of the proposed model using simulation experiments and compare it with existing approaches, as well as to develop a path planning algorithm based on swarm intelligence.","","979-8-3503-1806-7","10.1109/IISA59645.2023.10345854","","https://ieeexplore.ieee.org/stamp/stamp.jsp?arnumber=10345854","Unmanned Aerial Vehicles;multi-UAV;task allocation algorithms;cooperative task assignment;linear programming","Heuristic algorithms;Surveillance;Programming;Autonomous aerial vehicles;Routing protocols;Resource management;Task analysis","","8","","30","IEEE","15 Dec 2023","10-12 July 2023","10-12 July 2023","IEEE","IEEE Conferences"
"Drone Swarm Intelligence: AI-Driven Autonomous Coordination for Aerial Applications","A. Shrivastava; R. V. S. Praveen; R. H. C. Alfilh; K. Yadav; A. Kumar; O. Krishna","Saveetha School of Engineering, Saveetha Institute of Medical and Technical Sciences, Chennai, India; Utilities America LTIMindtree Limited, Houston, USA; Department of Computers Techniques Engineering, College of Technical Engineering, The Islamic University, Najaf, Iraq; Department of Electrical Engineering, GLA University, Mathura, India; Lloyd Institute of Engineering & Technology, Gr. Noida, India; Lloyd Law College, Gr. Noida, India",2025 IEEE International Conference on Advances in Computing Research On Science Engineering and Technology (ACROSET),"16 Dec 2025","2025","","","1","7","The integration of artificial intelligence (AI) into drone swarm systems is revolutionizing the landscape of autonomous aerial operations across a variety of sectors including defense, agriculture, disaster response, and smart city monitoring. This paper explores the emergence of drone swarm intelligence, focusing on the application of AI-driven coordination mechanisms that enable real-time, decentralized, and cooperative decision-making among multiple unmanned aerial vehicles (UAVs). Traditional centralized control approaches often suffer from scalability, latency, and single-point-of-failure issues. In contrast, intelligent swarm architectures leverage machine learning, reinforcement learning, and bio-inspired algorithms to achieve adaptive behavior, fault tolerance, and robust navigation in dynamic environments. We examine state-of-the-art techniques for swarm formation control, obstacle avoidance, and collaborative mission execution. Simulation frameworks and real-world testbeds are reviewed to evaluate performance metrics such as convergence speed, energy efficiency, and communication overhead. The study also highlights ethical and regulatory challenges, including collision avoidance protocols, data security, and civilian privacy concerns. Through comprehensive analysis and comparative evaluations, this work aims to offer a holistic understanding of how AI empowers drone swarms with emergent intelligence for autonomous aerial missions. The findings contribute to the future development of resilient, scalable, and mission-critical UAV swarm systems.","","978-1-6654-5810-8","10.1109/ACROSET66531.2025.11280890","","https://ieeexplore.ieee.org/stamp/stamp.jsp?arnumber=11280890","Drone Swarms;Swarm Intelligence;Artificial Intelligence;Autonomous Coordination;Aerial Robotics;Multi-UAV Systems","Smart cities;Heuristic algorithms;Simulation;Scalability;Autonomous aerial vehicles;Swarm intelligence;Collision avoidance;Vehicle dynamics;Drones;Convergence","","","","15","IEEE","16 Dec 2025","27-28 Sept. 2025","27-28 Sept. 2025","IEEE","IEEE Conferences"
"Categorization/Applications of UAVs and Development of Collision Avoidance Modeling","V. L; G. R. K; S. S; T. M","DEEE, Sri Sairam Institute of Technology, Chennai, India; DEEE, Sri Sairam Institute of Technology, Chennai, India; DEEE, Sri Sairam Institute of Technology, Chennai, India; DEEE, Sri Sairam Institute of Technology, Chennai, India",2025 International Conference on Computing and Communication Technologies (ICCCT),"10 Jun 2025","2025","","","1","5","Drones, also known as Unmanned Aerial Vehicles (UAV), have developed drastically in various sectors by producing various advantages such as autonomous drive, access to remote places, and faster collection of data. Here, in-depth study analysis is made on UAVs, identifying their main features, characteristics, and vast range of applications. The study of drones is split into three parts: based on their design parameters, type of applications used, and a simulation model of UAV is developed using MATLAB software with drone's analysis. A UAV is classified based on primary characteristics, such as carrying load capacity, operational endurance, and tracking technologies, which drastically affect their effectiveness in real-world use. Drones are very useful in sectors like farming, emergency activities, surveillance, deliveries, and monitoring various activities, for reducing human involvement. This paper discusses about the advancements in UAV technology, focusing on artificial intelligence, automation, and sensor integration for faster actions on necessary needs. The developed simulation analysis explores UAV flight mechanics, stability, and control systems, offering insights into pathing and mission planning to improve practical development of drones with ease. Overall, this research demonstrates the importance of UAVs in addressing critical challenges and sets the base for various future innovations, aiming to advance drone usage across various sectors and path a more defined future with technological advancements in drone.","2995-3197","979-8-3315-3757-9","10.1109/ICCCT63501.2025.11019328","","https://ieeexplore.ieee.org/stamp/stamp.jsp?arnumber=11019328","UAV characteristics;UAV simulation;flight dynamics;automation","Adaptation models;Automation;Surveillance;Autonomous aerial vehicles;Mathematical models;Safety;Trajectory;MATLAB;Artificial intelligence;Drones","","","","10","IEEE","10 Jun 2025","16-17 April 2025","16-17 April 2025","IEEE","IEEE Conferences"
"Self-awareness approach for complete coverage metrology using autonomous systems","M. E. Miñano; P. F. Peña; Z. He; D. M. Gómez","Intelligent Systems Lab (LSI), Universidad Carlos III de Madrid, Madrid; Drone Hopper S.L, Madrid; Key Lab. for Power Machinery and Engineering of M. O. E. Shanghai, Jiao Tong University, Shanghai, P R China; Intelligent Systems Lab (LSI), Universidad Carlos III de Madrid, Madrid",2022 IEEE 9th International Workshop on Metrology for AeroSpace (MetroAeroSpace),"18 Aug 2022","2022","","","13","17","Unmanned aerial vehicles (UAV) are autonomous systems with embedded intelligence. Despite the numerous advantages they bring, multiple problems have been arisen in the past, like collision detection and avoidance of multiple aerial aircrafts. The recent advances of on-board sensors and computation devices have allowed complete ground-breaking improvements, in the present and forthcoming navigation of multiple UAVs. These are now fostering the implantation of the next generation of autonomous aerial aircrafts, with a growing potential in important sectors like precision agriculture. Industries like, Drone hopper, are developing new advanced aerial platforms that will provide deep support to automation in the agriculture fields where it is necessary to optimize multiple trajectories of UAVs to accomplish tasks, such as, fumigation, irrigation, and strengthening plant growth. Precise measurements and UAV’s trajectory planning are necessary task for the complete coverage optimization problem. In this paper, we analyze and simulate a fully distributed solution with a self-awareness approach. Our solution has been tested in simulation (code, video) and it will be applied in a near future to real operations in outdoor environments using efficient and robust platforms provided by the Drone Hopper company.","2575-7490","978-1-6654-1076-2","10.1109/MetroAeroSpace54187.2022.9856278","","https://ieeexplore.ieee.org/stamp/stamp.jsp?arnumber=9856278","self-awareness;complete coverage;drone swarm;metrology;autonomous systems;agriculture","Autonomous systems;Trajectory planning;Plants (biology);Metrology;Autonomous aerial vehicles;Aircraft navigation;Trajectory","","1","","10","IEEE","18 Aug 2022","27-29 June 2022","27-29 June 2022","IEEE","IEEE Conferences"
"Crow Search Algorithm for Energy-Efficient UAV Path Planning in Large-Scale Aerial Surveys","S. Amutha; S. V. Ramanan; S. Ganesan; B. Leena; A. J; M. D. Choudhry; M. Sundarrajan","Department of Computer Science and Engineering, School of Computing, Vel Tech Rangarajan Dr.Sagunthala R&D Institute of Science and Technology, Chennai, Tamil Nadu, India; Department of Electronics and Communication Engineering, PPG Institute of Technology, Coimbatore, Tamil Nadu, India; Department of Biomedical Engineering, Mahendra Institute of Technology, Namakkal, Tamil Nadu, India; Department of Electronics and Communication Engineering, KGiSL Institute of Technology, Coimbatore, Tamil Nadu, India; Department of Computational Intelligence, SRM Institute of Science and Technology, Chennai, Tamil Nadu, India; Department of Computing Technologies, SRM Institute of Science and Technology, Chennai, Tamil Nadu, India; Department of Networking and Communications, SRM Institute of Science and Technology, Chennai, Tamil Nadu, India","2025 3rd International Conference on Device Intelligence, Computing and Communication Technologies (DICCT)","12 May 2025","2025","","","556","561","UAVs have been extremely influential for applications such as remote/sensing, disaster response, surveillance, and infrastructure monitoring. They are valuable in modern-day operations because they can conduct high-precision aerial surveys autonomously. Most of the existing trajectory planning approaches are based on metaheuristic algorithms of Particle Swarm Optimization (PSO), Genetic Algorithm (GA), and Ant Colony Optimization (ACO), which are capable of providing satisfactory results. Still, they are computationally expensive with slow convergence and sensitive to local optima. In this paper, the challenges raised above are addressed by an Optimized Trajectory Planning Framework based on the Crow Search Algorithm (CSA). It is based on a nature-inspired optimization technique that mimics the intelligent foraging behavior of crows. The proposed approach dynamically adjusts the UAV flight path by balancing the exploration and exploitation, to compute the optimal trajectory quickly and meanwhile to save energy and avoid the obstacle. Unlike other metaheuristic methods, the Crow Search Algorithm does not confront the premature convergence problem and can guarantee adaptive path optimization even under uncertain environmental conditions. Results show that the energy efficiency performance of the Crow Search Algorithm is 15 percent better, the performance in terms of coverage is 20 percent improved, and the speed of convergence is 30 percent faster compared to various state-of-the-art methods. These experimental findings demonstrate that integrating CSA into UAV trajectory planning offers high computational efficiency, obstacle avoidance, and mission endurance, rendering it a superior UAV trajectory planning algorithm for real-time aerial navigation and autonomous surveillance applications.","","979-8-3315-4335-8","10.1109/DICCT64131.2025.10986680","","https://ieeexplore.ieee.org/stamp/stamp.jsp?arnumber=10986680","UAV Trajectory Optimization;Crow Search Algorithm;Path Planning;Obstacle Avoidance;Metaheuristic Optimization;Autonomous Surveillance","Surveys;Trajectory planning;Surveillance;Heuristic algorithms;Metaheuristics;Autonomous aerial vehicles;Energy efficiency;Real-time systems;Collision avoidance;Convergence","","1","","16","IEEE","12 May 2025","21-22 March 2025","21-22 March 2025","IEEE","IEEE Conferences"
"Low-Altitude UAV Trajectory Optimization for Complex 3D Terrains Based on Energy Consumption","N. Ouyang; J. Xie; F. Lin","College of Software Engineering, Sichuan University, Chengdu, China; College of Computer Science, Sichuan University, Chengdu, China; College of Computer Science, Sichuan University, Chengdu, China",2025 6th International Conference on Computer Engineering and Application (ICCEA),"13 Aug 2025","2025","","","01","08","With the widespread use of UAV technology in industries such as environmental monitoring, smart agriculture, and geographic mapping, optimizing the energy efficiency of UAVs with limited battery capacity has become a major concern. Traditional trajectory planning research is restricted to two-dimensional techniques and employs a simplified energy consumption model, making it impossible to adequately reflect the true influence of diverse terrain on flight energy consumption. This work presents a three-dimensional flight energy consumption model and proposes a novel low-altitude trajectory planning method based on an upgraded ant colony algorithm. A dynamic pheromone updating mechanism and an elite approach are used to maximize the heuristic formulation of the climb energy consumption coefficient and obstruction penalty coefficient. Simulation experiments with real topographic data from Jiuzhaigou Valley show that the proposed method reduces energy usage by $9.1 \%-36.3 \%$ when compared to existing greedy algorithms while maintaining comprehensive coverage.","2159-1288","979-8-3315-4330-3","10.1109/ICCEA65460.2025.11103265","","https://ieeexplore.ieee.org/stamp/stamp.jsp?arnumber=11103265","unmanned aerial vehicles;trajectory planning;energy consumption;mountain environment","Greedy algorithms;Energy consumption;Solid modeling;Three-dimensional displays;Systematics;Trajectory planning;Heuristic algorithms;Autonomous aerial vehicles;Vehicle dynamics;Trajectory optimization","","1","","22","IEEE","13 Aug 2025","25-27 April 2025","25-27 April 2025","IEEE","IEEE Conferences"
"Bio-Inspired Neuro-Swarm Communication Protocol with Dynamic Spectrum Intelligence for IoT and UAV Networks","T. S; L. G. C. S; S. L. Priyenga; N. K","School of Engineering and Technology, Jeppiaar University, Chennai, India; School of Engineering and Technology, Jeppiaar University, Chennai, India; School of Engineering and Technology, Jeppiaar University, Chennai, India; School of Engineering and Technology, Jeppiaar University, Chennai, India",2025 Tenth International Conference on Science Technology Engineering and Mathematics (ICONSTEM),"18 Feb 2026","2025","","","1","9","With the rapid proliferation of Internet of Things (IoT) devices and the increasing use of Unmanned Aerial Vehicles (UAVs) in dynamic environments, the need for adaptive, reliable, and energy-efficient communication protocols has become paramount. Conventional routing and spectrum assignment algorithms find it difficult to address the non-stationary and decentralization of such networks. In order to address them, this paper suggests the Bio-Inspired Neuro-Swarm Communication Protocol (BNSCP) in combination with Dynamic Spectrum Intelligence to optimize communication in the UAV-assisted IoT networks. The protocol models neuro-swarm agent nodes with spiking neural network logic of forwarding packets and ant colony optimization and energy-wise mobility and relative positioning. Multi-Armed Bandit learning is used to improve spectrum sensing to allow real-time selection of channels and the neuro-immune anomaly detection layer guarantees security and reliability in adversarial environments. It has been shown in experiments that the proposed model is much more effective than the traditional protocols such as AODV, LEACH, and even the newest learning-based models. In particular, BNSCP delivers packets with a Packet Delivery Ratio (PDR) of 94.7, end-to-end delay per packet is reduced to 139 ms, spectrum is used more efficiently up to 86% and energy consumption is reduced by 20% over current baselines. Further, the neuroimmune model has an accuracy of 96.5% in intrusion detection with a false alarm rate of 4.8% false alarm rate. BNSCP is a powerful and scalable solution to the next-generation IoT-UAV ecosystems as a combination of the bio-inspired intelligence with the dynamic spectrum learning. This is a prospective implementation base of adaptive mission-critical systems of smart agriculture, disaster response, and real-time surveillance.","2996-2986","979-8-3315-6187-1","10.1109/ICONSTEM65670.2025.11374760","","https://ieeexplore.ieee.org/stamp/stamp.jsp?arnumber=11374760","IoT;UAV;bio-inspired routing;swarm intelligence;dynamic spectrum access;spiking neural network;energy-aware mobility;neuroimmune security","Protocols;Biological system modeling;Spiking neural networks;Autonomous aerial vehicles;Routing;Real-time systems;Internet of Things;Security;Reliability;Vehicle dynamics","","","","15","IEEE","18 Feb 2026","6-7 Nov. 2025","6-7 Nov. 2025","IEEE","IEEE Conferences"
"Hybrid Deep Reinforcement Learning for UAV Inspection in Large-Scale Wind Farms: Deployment and Routing Optimization","X. -Y. Zhang; H. Yu; X. Zheng; H. Wang; C. Mu; P. Guo","School of Artificial Intelligence, Anhui University, Hefei, China; School of Artificial Intelligence, Anhui University, Hefei, China; School of Artificial Intelligence, Anhui University, Hefei, China; School of Artificial Intelligence, Anhui University, Hefei, China; School of Artificial Intelligence, Anhui University, Hefei, China; State Key Laboratory of Power System and Generation Equipment and the Department of Electrical Engineering, Tsinghua University, Beijing, China",IEEE Transactions on Industrial Informatics,"17 Oct 2025","2025","21","11","9011","9021","The growth of global wind capacity necessitates efficient maintenance and inspection, particularly in offshore wind farms. However, existing manual inspection method is time consuming and lacks scalability. This article introduces an autonomous unmanned aerial vehicle (UAV) inspection method for offshore wind farms by combing heuristic algorithm with deep reinforcement learning (DRL). Our approach integrates UAVs deployment and routing optimization, factoring in environmental conditions, such as wind and weather. The inspection task is divided into UAVs deployment and routing optimization, with models constructed for UAVs, offshore wind farms, and wind conditions. A heuristic algorithm is used to optimize UAVs deployment, ensuring efficient coverage despite the UAVs’ limited range. For routing optimization, we develop a DRL model for effective path planning of UAVs simultaneously. Experimental results demonstrate the superior efficiency of our approach in terms of coverage, energy consumption, and adaptability to environmental changes. By introducing the hybrid DRL algorithm, a scalable and robust solution for offshore wind farm inspections is developed, enhancing both operational efficiency and reliability.","1941-0050","","10.1109/TII.2025.3593966","National Natural Science Foundation of China(grant numbers:62303005,W2421091,U24A20243); Hefei Key Science and Technology Special Projects(grant numbers:2024SZD006); ","https://ieeexplore.ieee.org/stamp/stamp.jsp?arnumber=11125814","Deep reinforcement learning (DRL);multiobject optimization;routing optimization;unmanned aerial vehicle (UAV);wind farm inspection","Autonomous aerial vehicles;Inspection;Wind farms;Heuristic algorithms;Routing;Optimization;Energy consumption;Wind turbines;Thermal sensors;Blades;Deep reinforcement learning","","2","","30","IEEE","14 Aug 2025","Nov. 2025","","IEEE","IEEE Journals"
"Research Advances in Obstacle Avoidance Path Planning Algorithms for Unmanned Aerial Vehicles","H. Li; X. Duan","School of Electromechanical and Information Engineering, Chengdu Agricultural College, Chengdu, China; School of Electromechanical and Information Engineering, Chengdu Agricultural College, Chengdu, China","2025 2nd International Conference on Algorithms, Software Engineering and Network Security (ASENS)","27 May 2025","2025","","","185","193","With the rapid advancement of drone technology, drones have demonstrated significant application potential in various fields such as agriculture, military, and logistics due to their efficiency and flexibility. However, the practical application of drones in obstacle avoidance tasks faces multiple challenges, including complex environmental perception, algorithmic performance bottlenecks, hardware compatibility issues, and system stability and reliability. These challenges have somewhat constrained the transformation of drones' potential into actual productivity. Therefore, research and development in obstacle avoidance technology for agricultural drones are crucial. This study analyzes the current difficulties and challenges faced by obstacle avoidance path planning algorithms, focusing on the classification, principles, advantages, and disadvantages of these algorithms, as well as their optimization and application in terms of real-time performance and efficiency. The study also looks forward to the future development trends of drone obstacle avoidance path planning algorithms, suggesting that future research will concentrate on the innovative integration of multiple algorithms, deeper fusion with AI technology, optimization of algorithms for specific environments, enhancement of real-time performance and robustness, coordinated hardware development, and improvement of multi-drone collaborative algorithms. These advancements aim to adapt to more complex flying and obstacle avoidance environments, thereby promoting the standardization and industrialization of drone technology.","","979-8-3315-2029-8","10.1109/ASENS64990.2025.11011145","Chengdu Science and Technology Bureau; ","https://ieeexplore.ieee.org/stamp/stamp.jsp?arnumber=11011145","Unmanned Aerial Vehicles;Obstacle Avoidance Technology;Path Planning Algorithms","Software algorithms;Standardization;Autonomous aerial vehicles;Path planning;Real-time systems;Hardware;Classification algorithms;Collision avoidance;Optimization;Drones","","","","45","IEEE","27 May 2025","21-23 March 2025","21-23 March 2025","IEEE","IEEE Conferences"
"DWA vs RFA-Star: Choosing the Optimal Navigator","M. Basu; R. Matam","Department of Computer Science and Engineering, Indian Institute of Information Technology Guwahati, India; Department of Computer Science and Engineering, Indian Institute of Information Technology Guwahati, India","2025 International Conference on Sustainability, Innovation & Technology (ICSIT)","19 Dec 2025","2025","","","1","6","This paper aims to provide a detailed comparison of two of the most widely used unmanned aerial vehicle (UAV) path planning algorithms: the Dynamic Window Algorithm (DWA) and R5DOS Feature Attention A-star (RFA-Star). Both algorithms have been coded in Python and simulated on 2D grids with randomly scattered and densely clustered obstacle distributions, as well as on 3D terrains with complex features such as mountains. Performance metrics such as path length, computation time, reaction time, and obstacle avoidance have been calculated for the simulations. This study highlights the specific types of environments in which each algorithm performs best, along with the types of sensors typically required for their effective operation. The experiments indicate that DWA is best suited for highly dynamic and low or moderately clustered obstacles because of its reactive nature and adaptability. In contrast, RFA is more effective in dense, structured obstacle environments where global optimality is essential. The results of this research provide a guideline on which path planning algorithm should be selected depending on the operational environment.","","979-8-3315-3549-0","10.1109/ICSIT65336.2025.11295833","","https://ieeexplore.ieee.org/stamp/stamp.jsp?arnumber=11295833","UAV;Path Planning;Dynamic Window Approach;RFA-Star;Comparative Analysis","Precision agriculture;Three-dimensional displays;Navigation;Heuristic algorithms;Clustering algorithms;Autonomous aerial vehicles;Path planning;Sensors;Vehicle dynamics;Guidelines","","","","15","IEEE","19 Dec 2025","22-23 Aug. 2025","22-23 Aug. 2025","IEEE","IEEE Conferences"
"Energy-Optimal Data Collection for Unmanned Aerial Vehicle-Aided Industrial Wireless Sensor Network-Based Agricultural Monitoring System: A Clustering Compressed Sampling Approach","C. Lin; G. Han; X. Qi; J. Du; T. Xu; M. Martínez-García","Software College, Northeastern University, Shenyang, China; Fujian Key Lab for Automotive Electronics and Electric Drive, Fujian University of Technology, China; School of Software, Dalian University of Technology, Dalian, China; School of Software, Dalian University of Technology, Dalian, China; School of Software, Dalian University of Technology, Dalian, China; Department of Aeronautical and Automotive Engineering, Loughborough University, Loughborough, U.K.",IEEE Transactions on Industrial Informatics,"5 Mar 2021","2021","17","6","4411","4420","In this article, we propose a hierarchical data collection scheme, toward the realization of unmanned aerial vehicle (UAV)-aided industrial wireless sensor networks. The particular application is that of agricultural monitoring. For that, we propose the use of hybrid compressed sampling through exact and greedy approaches. With the exact approach-to model the energy-optimal formulation-an improved linear programming formulation of the minimum cost flow problem was utilized. The greedy approach is based on a proposed balance factor parameter, consisting of data sparsity, and distance from cluster head to normal nodes. To improve node clustering efficiency, a hierarchical data collection scheme is implemented, by which nodes in different layers are adaptively clustered, and the UAV can be scheduled to perform energy-efficient data collection. Simulation results show that our method can effectively collect the data and plan the path for the UAV at a low energy cost.","1941-0050","","10.1109/TII.2020.3027840","National Key Research and Development Program of China(grant numbers:2017YFE0125300); Jiangsu Provincial Key Research and Development Program(grant numbers:BE2019648); Shenzhen Science and Technology Innovation Commission(grant numbers:JCYJ20190809145407809); National Natural Science Foundation of China(grant numbers:62002045); Fujian University of Technology(grant numbers:GY-Z19066); ","https://ieeexplore.ieee.org/stamp/stamp.jsp?arnumber=9210225","Agricultural monitoring system;artificial intelligence;industrial wireless sensor network (IWSN);intelligent signal processing;unmanned aerial vehicles (UAVs)","Monitoring;Agriculture;Temperature sensors;Data collection;Unmanned aerial vehicles;Intelligent sensors","","96","","33","IEEE","30 Sep 2020","June 2021","","IEEE","IEEE Journals"
"A 3D Spatial Information Compression Based Deep Reinforcement Learning Technique for UAV Path Planning in Cluttered Environments","Z. Wang; S. X. Ng; M. El-Hajjar","School of Electronics and Computer Science, University of Southampton, Southampton, U.K.; School of Electronics and Computer Science, University of Southampton, Southampton, U.K.; School of Electronics and Computer Science, University of Southampton, Southampton, U.K.",IEEE Open Journal of Vehicular Technology,"10 Mar 2025","2025","6","","647","661","Unmanned aerial vehicles (UAVs) can be considered in many applications, such as wireless communication, logistics transportation, agriculture and disaster prevention. The flexible maneuverability of UAVs also means that the UAV often operates in complex 3D environments, which requires efficient and reliable path planning system support. However, as a limited resource platform, the UAV systems cannot support highly complex path planning algorithms in lots of scenarios. In this paper, we propose a 3D spatial information compression (3DSIC) based deep reinforcement learning (DRL) algorithm for UAV path planning in cluttered 3D environments. Specifically, the proposed algorithm compresses the 3D spatial information to 2D through 3DSIC, and then combines the compressed 2D environment information with the current UAV layer spatial information to train UAV agents for path planning using neural networks. Additionally, the proposed 3DSIC is a plug and use module that can be combined with various DRL frameworks such as Deep Q-Network (DQN) and deep deterministic policy gradient (DDPG). Our simulation results show that the training efficiency of 3DSIC-DQN is 4.028 times higher than that directly implementing DQN in a $100 \times 100 \times 50$ 3D cluttered environment. Furthermore, the training efficiency of 3DSIC-DDPG is 3.9 times higher than the traditional DDPG in the same environment. Moreover, 3DSIC combined with fast recurrent stochastic value gradient (FRSVG), which can be considered as the most state-of-the-art DRL algorithm for UAV path planning, exhibits 2.35 times faster training speed compared with the original FRSVG algorithm.","2644-1330","","10.1109/OJVT.2025.3540174","Future Telecoms Research Hub; Platform for Driving Ultimate Connectivity; Department of Science Innovation and Technology; Engineering and Physical Sciences Research Council(grant numbers:EP/X04047X/1,EP/Y037243/1,EP/X04047X/2); ","https://ieeexplore.ieee.org/stamp/stamp.jsp?arnumber=10878448","3D path planning;deep reinforcement learning;3D spatial information compression;unmanned aerial vehicles;training efficiency","Path planning;Three-dimensional displays;Autonomous aerial vehicles;Training;Principal component analysis;Classification algorithms;Solid modeling;Convergence;Navigation;Search problems","","8","","59","CCBY","10 Feb 2025","2025","","IEEE","IEEE Journals"
"Greenhouse 3-D UAV Coverage Path Planning Based on a DT-Driven DBO-GA Hybrid Framework","S. Wu","College of Information Science and Engineering, Shanxi Agricultural University, Jinzhong, China",IEEE Access,"24 Dec 2025","2025","13","","214079","214089","The complex three-dimensional (3D) environment in greenhouse agriculture poses high demands on uncrewed aerial vehicle (UAV) path planning, rendering traditional two-dimensional (2D) algorithms insufficient for efficient coverage and dynamic adaptability. To address these challenges, this study proposes a Digital Twin (DT)-driven hybrid framework that integrates the Dung Beetle Optimizer (DBO) and Genetic Algorithm (GA) with Agent-Based Modeling (ABM) for dynamic 3D UAV coverage path planning in greenhouse environments. The core coupling mechanism of the DT-ABM-DBO-GA framework is as follows: The DT module collects real-time data from the physical greenhouse via IoT sensors and LiDAR, synchronizing updates to its virtual replica; ABM uses DT-provided real-time environmental parameters (temperature, humidity, wind speed) to generate dynamic 3D pest heatmaps; DBO leverages these heatmaps to guide global exploration of high-pest-density hotspots, generating candidate paths; GA then refines these paths through crossover and mutation to avoid obstacles (e.g., crop canopies) and improve kinematic adaptability for UAVs; finally, DT receives UAV execution data (e.g., actual flight trajectory) and on-site pest monitoring results, feeding back to adjust ABM heatmap parameters and DBO-GA optimization strategies, forming a closed-loop adaptive system. Specifically, the DBO algorithm mimics dung beetle foraging behaviors (ball-rolling, random foraging) to achieve global exploration of the 3D greenhouse space, while GA performs local refinement through simulated binary crossover and polynomial mutation. ABM generates dynamic 3D pest heatmaps (focusing on whitefly diffusion) for hotspot navigation, and the DT module establishes a real-time feedback loop between the physical greenhouse and its virtual replica, ensuring adaptive path correction. DT provides real-time environmental feedback (e.g., sudden wind speed changes) for closed-loop optimization. Simulation experiments in a  $15\times 15 \times 10$  m greenhouse model located in Xinzhou, China, demonstrate that the proposed DBO-GA hybrid achieves a 96.8% coverage rate, shortens path length by 32% (to 70.5 m), and reduces computation time by 28% (to 9.8 s) compared with A $\ast $ , GA, and DBO algorithms. These improvements confirm the framework’s strong balance between global search and local optimization as well as its robustness in complex 3D agricultural environments. This DT–ABM–DBO–GA framework provides an innovative and generalizable approach for precision agriculture, enabling efficient, adaptive, and intelligent UAV path planning in greenhouse operations.","2169-3536","","10.1109/ACCESS.2025.3642007","","https://ieeexplore.ieee.org/stamp/stamp.jsp?arnumber=11288975","Dung Beetle Optimizer;genetic algorithm;3D path planning;UAV optimization;digital twin;agent-based modeling","Three-dimensional displays;Heuristic algorithms;Green products;Path planning;Autonomous aerial vehicles;Real-time systems;Heating systems;Solid modeling;Humidity;Data models","","","","25","CCBY","9 Dec 2025","2025","","IEEE","IEEE Journals"
"Deployment of an autonomous fleet of UAVs for Assessing the NDVI of Regenerative Farming","F. A. Almalki; M. C. Angelides","Department of Computer Engineering, College of Computers and Information Technology, Taif University, Taif, Saudi Arabia; Brunel Design School, College of Engineering, Design and Physical Sciences, Brunel University London, Uxbridge, United Kingdom","2023 International Conference on Intelligent Computing, Communication, Networking and Services (ICCNS)","1 Aug 2023","2023","","","128","135","Unmanned Aerial Vehicles (UAVs) have emerged rabidly as a new technology for crop farming promising to increase the productivity of a farm, on the one hand, and to reduce its farmer’s workload, on the other hand, through their integration with other technologies such as Machine Learning (ML), and Internet of Things (IoT). This article aims at developing a framework for deploying an autonomous fleet of UAVs for regenerative farming. Hence, the framework objective is twofold: firstly, is to develop an autonomous fleet of UAVs using Deep Reinforcement Learning (DRL), and, secondly, is to synchronize their flying and schedule their tasks using Ant Colony Optimization (ACO). The implementation of the framework shows great potential when using a set of indicators including, Normalized Difference Vegetation Index (NDVI), Mean Squared Error (MSE) and Received Signal Strength Index (RSSI), to assess its performance for Regenerative Farming.","","979-8-3503-3929-1","10.1109/ICCNS58795.2023.10193565","","https://ieeexplore.ieee.org/stamp/stamp.jsp?arnumber=10193565","Autonomous UAV Fleet;IoT;Machine Learning;Wireless Communications;Regenerative Farming","Wireless communication;Schedules;Reinforcement learning;Autonomous aerial vehicles;Internet of Things;Indexes;Synchronization","","9","","40","IEEE","1 Aug 2023","19-22 June 2023","19-22 June 2023","IEEE","IEEE Conferences"
"Coverage of Agricultural Areas by a Group of Unmanned Aerial Vehicles Considering Wind Load and Energy Consumption Constraints","R. Faizullin; M. Mustafin; M. Svinin; E. Magid","Intelligent Robotics Department, Kazan Federal University, Kazan, Russia; Intelligent Robotics Department, Kazan Federal University, Kazan, Russia; Graduate School of Information Science and Engineering, Ritsumeikan University, Osaka, Japan; Intelligent Robotics Department, Kazan Federal University, Kazan, Russia","2025 9th International Conference on Information, Control, and Communication Technologies (ICCT)","16 Mar 2026","2025","","","1","4","This work addresses the problem of energy-constrained coverage of agricultural fields using a fleet of identical unmanned aerial vehicles (UAVs). Each UAV must complete a spraying mission over a designated area, subject to limited battery capacity. To ensure energy feasibility, static charging stations are deployed along the field’s perimeter. The agricultural field is first partitioned into subregions using Lloyd’s clustering algorithm, producing a balanced decomposition adapted to the number of UAVs. Within each subregion, an efficient coverage path is generated using the Boustrophedon method, with flight lines aligned with the longest region axis to minimize energy-intensive turns. The primary objective is to minimize the total mission completion time while accounting for recharging needs and stochastic wind conditions. Wind is modeled as a vector with random speed and direction, affecting UAV energy consumption depending on relative flight orientation. To assess solution robustness under uncertainty, the expected mission duration is estimated using a Monte Carlo simulation. Charging station locations are optimized using the Particle Swarm Optimization algorithm. Finally, a post-processing step iteratively reduces the number of stations to achieve more cost-effective configurations without a significant loss in performance.","","979-8-3315-6801-6","10.1109/ICCT67028.2025.11427483","","https://ieeexplore.ieee.org/stamp/stamp.jsp?arnumber=11427483","UAV;coverage;precision agriculture;charging stations;stochastic wind model;path planning","Energy consumption;Uncertainty;Stochastic processes;Clustering algorithms;Charging stations;Autonomous aerial vehicles;Path planning;Vectors;Partitioning algorithms;Optimization","","","","21","IEEE","16 Mar 2026","7-11 Oct. 2025","7-11 Oct. 2025","IEEE","IEEE Conferences"
"Multi-Objective Mission planning for UAV Swarm Based on Deep Reinforcement Learning","S. Yu; D. Dingcheng","Naval Command Academy, Nanjing, China; Unit 31151 of the PLA, Nanjing, China",2023 IEEE International Conference on Unmanned Systems (ICUS),"21 Nov 2023","2023","","","1","10","This research presents an innovative application of deep reinforcement learning (DRL) for multi-objective mission planning in UAV swarms, a subject at the forefront of emerging technologies. An in-depth exploration of existing models, strategies, and primary principles of DRL regarding UAV swarm mission planning is undertaken. The paper then introduces a cutting-edge approach to the multi-objective mission planning of UAV swarms, which includes rigorous problem definition, state and action space design, reward function configuration, DRL model formulation, and the creation of multi-objective optimization strategies. The performance and reliability of the proposed model were extensively evaluated using various simulation environments and diverse datasets. The outcomes show that our model surpasses traditional methods in planning UAV swarm missions, providing a groundbreaking perspective on integrating DRL into swarm robotics. Despite its strengths, the model also presents areas that warrant further investigation and enhancement, outlined in future research directions. This work contributes significantly to the understanding and application of efficient UAV swarm mission planning, with potentially far-reaching implications across numerous fields, including defense, agriculture, and environmental surveillance.","2771-7372","979-8-3503-1630-8","10.1109/ICUS58632.2023.10318490","","https://ieeexplore.ieee.org/stamp/stamp.jsp?arnumber=10318490","Deep Reinforcement Learning;UAV Swarms;Multi-Objective Mission planning;Swarm Robotics;Optimization Strategies","Deep learning;Surveillance;Space missions;Swarm robotics;Reinforcement learning;Autonomous aerial vehicles;Planning","","2","","52","IEEE","21 Nov 2023","13-15 Oct. 2023","13-15 Oct. 2023","IEEE","IEEE Conferences"
"A Preliminary Investigation into Use of Jaya Algorithm for Area Segmentation of Large Palm Oil Plantations","L. S. Koay; W. K. Lai; L. C. Tay; L. L. Lim","Department of Electrical & Electronics Engineering, Faculty of Engineering & Technology, Tunku Abdul Rahman University of Management & Technology, Kuala Lumpur, Malaysia; Faculty of Engineering & Technology, Centre for Multimodal Signal Processing, Tunku Abdul Rahman University of Management & Technology, Kuala Lumpur, Malaysia; Faculty of Engineering & Technology, Centre for Multimodal Signal Processing, Tunku Abdul Rahman University of Management & Technology, Kuala Lumpur, Malaysia; Faculty of Engineering & Technology, Centre for Multimodal Signal Processing, Tunku Abdul Rahman University of Management & Technology, Kuala Lumpur, Malaysia",2023 IEEE International Conference on Artificial Intelligence in Engineering and Technology (IICAIET),"27 Oct 2023","2023","","","117","122","The production of palm oil on a commercial scale is labour intensive with many of its processes handled by humans. In some countries, there can be as many as 500,000 plantation workers in the palm oil sector as the plantations are usually large. However, such dependence on humans for low skills manual work has led to many problems. Unmanned aerial vehicles (UA Vs) have been seen as a possible alternative to support some of the processes that require low skills in the palm oil industry. However, the flying time of the UAVs is finite and hence it is important to maximize the number of palm trees that each UAV can service. This paper proposes the segmentation of large palm oil estates into smaller areas to be modeled as a bin packing problem with the Jaya Algorithm. The resultant segmented areas would have an optimal number of palm trees that can be comfortably serviced by the UAV. Good results were achieved when tested on several datasets especially when compared to those computed by human experts.","","979-8-3503-0415-2","10.1109/IICAIET59451.2023.10291649","","https://ieeexplore.ieee.org/stamp/stamp.jsp?arnumber=10291649","Path planning;UAVs;swarm intelligence;Jaya algorithm;smart agriculture","Oils;Computational modeling;Metaheuristics;Clustering algorithms;Production;Manuals;Autonomous aerial vehicles","","1","","12","IEEE","27 Oct 2023","12-14 Sept. 2023","12-14 Sept. 2023","IEEE","IEEE Conferences"
"Energy Efficient Communication Methods for Unmanned Ariel Vehicles (UAVs): Last Five Years' Study","N. Kumar","Shoolini University of Biotechnology and Management Sciences, Solan, India","Unmanned Aerial Vehicles for Internet of Things (IoT): Concepts, Techniques, and Applications","","2021","","","73","88","Summary <p>Small sized drones and devices which can fly and collect or deliver data from parts of area under consideration are referred to as unmanned aerial vehicles. These devices are now a days emerging into multiple defense and civil applications like surveillance, crop monitoring etc. UAV devices communicate with each other as well as with source and destination with help of certain communication methods. These communication techniques must be energy efficient as most of these devices are battery powered and have multiple operations to perform in flight. This article focuses on mostly used communication techniques in UAVs. The aim is to present a literature and summarize the same in form of challenges and issues arise when developing communication methods for UAVs. The performance comparison has been made at the end of literature study. This article may help new researchers to cope up with existing challenges and issues in UAV communication protocols.</p>","","9781119769163","10.1002/9781119769170.ch4","","https://ieeexplore.ieee.org/xpl/ebooks/bookPdfWithBanner.jsp?fileName=10953954.pdf&bkn=10950315&pdfType=chapter","","Cloud computing;Computer architecture;Internet of Things;Object recognition;Wireless sensor networks;Intelligent sensors;Communication system security;Smart devices;Servers;Security","","","","","","8 Apr 2025","","","Wiley","Wiley AI eBook Chapters"
