Item Title,Publication Title,Book Series Title,Journal Volume,Journal Issue,Item DOI,Authors,Publication Year,URL,Content Type
MADRL-SI: a multi-agent deep reinforcement learning-based swarm intelligence approach for coordinating multiple UAVs in smart agriculture systems,International Journal of Information Technology,,,,10.1007/s41870-025-02807-3,Adel Saad AssiriFahad kamal AlsherefMostafa Al GhamdiMohamed Abbassy,2025,https://link.springer.com/article/10.1007/s41870-025-02807-3,Article
A spherical vector-based adaptive evolutionary particle swarm optimization for UAV path planning under threat conditions,Scientific Reports,,,,10.1038/s41598-025-85912-4,Yanfei LiuHao ZhangHao ZhengQi LiQi Tian,2025,https://link.springer.com/article/10.1038/s41598-025-85912-4,Article
Multi-robot Collaborative 3D Path Planning Based On Game Theory and Particle Swarm Optimization Hybrid Method,The Journal of Supercomputing,,,,10.1007/s11227-025-06960-1,Hong QiuWentao YuGan ZhangXuan XiaKun Yao,2025,https://link.springer.com/article/10.1007/s11227-025-06960-1,Article
UAV Path Planning and Trajectory Optimization: A Comprehensive Survey,Arabian Journal for Science and Engineering,,,,10.1007/s13369-025-10971-8,Tarek SheltamiGamil AhmedMustafa GhalebAshraf Mahmoud,2025,https://link.springer.com/article/10.1007/s13369-025-10971-8,Article
UAV path planning based on improved giant armadillo optimisation algorithm,CCF Transactions on Pervasive Computing and Interaction,,,,10.1007/s42486-025-00188-x,Yangyang TianZhe LiLiang JiangHuanlong ZhangYanfeng Wang,2025,https://link.springer.com/article/10.1007/s42486-025-00188-x,Article
Hybrid genetic ant colony optimization algorithm for full-coverage path planning of gardening pruning robots,Intelligent Service Robotics,,,,10.1007/s11370-024-00525-6,Xiaolin XieZixiang YanZhihong ZhangYibo QinHang JinMan Xu,2024,https://link.springer.com/article/10.1007/s11370-024-00525-6,Article
DLC-NGO: an enhanced northern goshawk optimization for 3D UAV path planning in complex environments with multiple threats,Cluster Computing,,,,10.1007/s10586-025-05358-1,Shuai HuangYoufa FuDan LiuJiadui ChenLing HeJie Zhang,2025,https://link.springer.com/article/10.1007/s10586-025-05358-1,Article
Reinforcement Learning for&#xa0;Drone Path Planning: A Bibliometric Analysis,Complex Systems and Their Applications,,,,10.1007/978-3-031-92314-2_6,Susana Borrego-DominguezLaura Jiménez-BeristainEnrique Efrén García-GuerreroJosé Jaime Esqueda-ElizondoCésar Ortega-CorralUlises Jesús Tamayo-PérezDiego Armando Trujillo-ToledoOscar Adrian Aguirre-CastroCésar Alberto López-MercadoEverardo Inzunza-Gonzaález,2025,https://link.springer.com/chapter/10.1007/978-3-031-92314-2_6,Conference paper
AI-Powered Crop Monitoring for&#xa0;Precision Agriculture,"Distributed Computing and Artificial Intelligence, 21st International Conference",,,,10.1007/978-3-031-82073-1_26,Saifeldin HassanZainab KhanAbhilasha SinghJinane MounsefOmar Abdul Latif,2025,https://link.springer.com/chapter/10.1007/978-3-031-82073-1_26,Conference paper
Efficient multi-UAV path planning in dynamic and complex environments using hybrid polar lights optimization,Journal of King Saud University Computer and Information Sciences,,,,10.1007/s44443-025-00139-7,Ziyin XuZhilin WangRui LiuChenliang HuangYuxiang ShiMingjing WangHuiling Chen,2025,https://link.springer.com/article/10.1007/s44443-025-00139-7,Article
Variable scale operational path planning for land levelling based on the improved ant colony optimization algorithm,Scientific Reports,,,,10.1038/s41598-025-94008-y,Wenming ChenJiaxin YangShaocen ZhangXinhua WeiChengliang LiuXinying ZhouLei SunFei WangAnzhe Wang,2025,https://link.springer.com/article/10.1038/s41598-025-94008-y,Article
"Cumulative Major Advances in Particle Swarm Optimization from 2018 to the Present: Variants, Analysis and Applications",Archives of Computational Methods in Engineering,,,,10.1007/s11831-024-10185-5,Donglin ZhuRui LiYangyang ZhengChangjun ZhouTaiyong LiShi Cheng,2025,https://link.springer.com/article/10.1007/s11831-024-10185-5,Article
Drone Swarm Coordination Using Machine Learning in IoT Networks,Machine Learning for Drone-Enabled IoT Networks,,,,10.1007/978-3-031-80961-3_3,Divyesh DivakarKanmaniA. V. Supriya,2025,https://link.springer.com/chapter/10.1007/978-3-031-80961-3_3,Chapter
UAV Swarm Objectives: A Critical Analysis and Comprehensive Review,SN Computer Science,,,,10.1007/s42979-024-03156-x,Preethika Ajay KumarNandana ManojNeeraj SudheerPranamya P. BhatArti AryaRicha Sharma,2024,https://link.springer.com/article/10.1007/s42979-024-03156-x,Article
AI-ML Applications in Agriculture and Food Processing,Food and Industry 5.0: Transforming the Food System for a Sustainable Future,,,,10.1007/978-3-031-76758-6_2,Kushagra AgrawalNavneet Kumar,2025,https://link.springer.com/chapter/10.1007/978-3-031-76758-6_2,Chapter
A bio-inspired swarm UAV framework integrating thermal sensing and optimization-based coordination for efficient search and rescue operations,Scientific Reports,,,,10.1038/s41598-025-33223-z,Abbas  Aqeel  KareemAhmed  Jabbar  AbidDalal  Abdulmohsin HammoodRaaid  AlubadySalam  J.  YaqoobOmar  AlmomaniOleksandr Rubanenko,2025,https://link.springer.com/article/10.1038/s41598-025-33223-z,Article
Hybrid golden Jackal and moth flame optimization algorithm based coverage path planning in heterogeneous UAV networks,Scientific Reports,,,,10.1038/s41598-025-15345-6,K. KarthikC. BalasubramanianR. Praveen,2025,https://link.springer.com/article/10.1038/s41598-025-15345-6,Article
Dynamic Q-planning for online UAV path planning in unknown and complex environments,International Journal of Intelligent Robotics and Applications,,,,10.1007/s41315-025-00457-z,Lidia G. S. RochaKenny A. Q. CaldasMarco H. TerraFabio RamosKelen C. Teixeira Vivaldini,2025,https://link.springer.com/article/10.1007/s41315-025-00457-z,Article
Optimizing drone-based pollination method by using efficient target detection and path planning for complex durian orchards,Scientific Reports,,,,10.1038/s41598-025-04370-0,Ruipeng TangJianxun TangMohamad Sofian Abu TalipNarendra Kumar AridasBinghong Guan,2025,https://link.springer.com/article/10.1038/s41598-025-04370-0,Article
Exponential-trigonometric optimization algorithm with multi-strategy fusion for UAV three-dimensional path planning,The Journal of Supercomputing,,,,10.1007/s11227-025-07335-2,Tao XuChaoyue ChenFanfan MengDongdong Ma,2025,https://link.springer.com/article/10.1007/s11227-025-07335-2,Article
Optimized 3D path planning for UAVs using a multi-strategy snow&#xa0;avalanches algorithm,Journal of King Saud University Computer and Information Sciences,,,,10.1007/s44443-025-00224-x,Yulong XuYuanbin Mo,2025,https://link.springer.com/article/10.1007/s44443-025-00224-x,Article
HPSO-WOA-SFO: A Novel Hybrid Swarm Intelligence Approach for&#xa0;Enhancing Discrete Road Path Planning,IoT as a Service,,,,10.1007/978-3-031-70507-6_29,You WuXi HuGuosheng Zhu,2025,https://link.springer.com/chapter/10.1007/978-3-031-70507-6_29,Conference paper
A survey on task scheduling and optimization techniques for IoT-enabled UAV with Edge / Fog computing,Telecommunication Systems,,,,10.1007/s11235-025-01320-z,Aram SatoufAli HamidoğluOmer Melih GulAlar KuusikSeifedine Nimer KadryAli Elghirani,2025,https://link.springer.com/article/10.1007/s11235-025-01320-z,Article
Joint Localization and Data-Based Path Planning for UAV-Assisted IoT Networks: A Heuristic Approach,SN Computer Science,,,,10.1007/s42979-025-03721-y,Henda HnaienAhmed AboudHaifa TouatiHichem Snoussi,2025,https://link.springer.com/article/10.1007/s42979-025-03721-y,Article
Smart weather aware drone sink SWADS for reliable and energy efficient agricultural wireless sensor networks,Scientific Reports,,,,10.1038/s41598-025-31821-5,Yasser FouadSafia AbbasNada AhmedAsmaa N. GhareebEnas Selem,2025,https://link.springer.com/article/10.1038/s41598-025-31821-5,Article
Improved whale optimization path planning design for multi-UAVs based on Pareto strategy,The Journal of Supercomputing,,,,10.1007/s11227-025-08079-9,Lingyu ChengFang WangChao Zhou,2025,https://link.springer.com/article/10.1007/s11227-025-08079-9,Article
Enhancing Capabilities and Security Features of Drone Networks Through Machine Learning: A Comprehensive Overview,Machine Learning for Drone-Enabled IoT Networks,,,,10.1007/978-3-031-80961-3_5,Dipta GomesManzurul HasanSupta Richard Philip,2025,https://link.springer.com/chapter/10.1007/978-3-031-80961-3_5,Chapter
Improved grey wolf algorithm based on dynamic weight and logistic mapping for safe path planning of UAV low-altitude penetration,The Journal of Supercomputing,,,,10.1007/s11227-024-06430-0,Siwei WangDonglin ZhuChangjun ZhouGaoji Sun,2024,https://link.springer.com/article/10.1007/s11227-024-06430-0,Article
Formation control and path planning of multi-robot systems via large language models,Science China Information Sciences,,,,10.1007/s11432-024-4290-4,Dong XueXuanjie ZhouMing WangFangzhou Liu,2025,https://link.springer.com/article/10.1007/s11432-024-4290-4,Article
Drone Path-Planning Leveraging Cohort Intelligence Algorithm,Optimization Techniques for Sustainable Environment Under Uncertainty,,,,10.1007/978-981-96-0389-3_8,Aryan BhusariAnand J. Kulkarni,2025,https://link.springer.com/chapter/10.1007/978-981-96-0389-3_8,Chapter
Intelligent Multi-Agent Systems for&#xa0;UAV-Robot Path Optimization via&#xa0;Reflective Evolution,"Parallel and Distributed Computing, Applications and Technologies",,,,10.1007/978-981-96-4207-6_51,Yijie ChenKexin ZhuZhide ChenChen FengZhengjie Zhuang,2025,https://link.springer.com/chapter/10.1007/978-981-96-4207-6_51,Conference paper
"Review on&#xa0;Agricultural Robotics for&#xa0;Carbon Emission Reduction: A Synergistic Perspective on&#xa0;Technology, Sustainability, and&#xa0;Art",Advances in Service and Industrial Robotics,,,,10.1007/978-3-032-02106-9_68,Giancarlo FurcieriGiuseppe CulottaDavide GerbinoAntonio FranceschielliAdriano Fagiolini,2025,https://link.springer.com/chapter/10.1007/978-3-032-02106-9_68,Conference paper
Optimization of UAV Flight Paths in Multi-UAV Networks for Efficient Data Collection,Arabian Journal for Science and Engineering,,,,10.1007/s13369-024-09369-9,Mohamed AbidSaid El KafhaliAbdellah AmzilMohamed Hanini,2024,https://link.springer.com/article/10.1007/s13369-024-09369-9,Article
Research on Joint Optimization Model of Drone Trajectory and Power for SAGIN Swarm Intelligence Technology,6GN for Future Wireless Networks,,,,10.1007/978-3-031-93193-2_10,Zhenyu XuXiuLian LinXinLu Li,2025,https://link.springer.com/chapter/10.1007/978-3-031-93193-2_10,Conference paper
A novel marine predator algorithm for path planning of UAVs,The Journal of Supercomputing,,,,10.1007/s11227-025-07002-6,Rong GongHuaming GongLila HongTanghui LiChangcheng Xiang,2025,https://link.springer.com/article/10.1007/s11227-025-07002-6,Article
Evolutionary computation for unmanned aerial vehicle path planning: a survey,Artificial Intelligence Review,,,,10.1007/s10462-024-10913-0,Yi JiangXin-Xin XuMin-Yi ZhengZhi-Hui Zhan,2024,https://link.springer.com/article/10.1007/s10462-024-10913-0,Article
Path Planning of Autonomous Pollination Using Heredity Algorithm for Intelligent Agriculture,Advances in Intelligent Manufacturing and Robotics,,,,10.1007/978-981-99-8498-5_30,Zhaochen WangXiaoyan GaoHanling WangYi Chen,2024,https://link.springer.com/chapter/10.1007/978-981-99-8498-5_30,Conference paper
A Review of&#xa0;Path Planning Algorithms,Intelligent Systems Design and Applications,,,,10.1007/978-3-031-64850-2_11,Yomna BEN JMAADavid DUVIVIER,2024,https://link.springer.com/chapter/10.1007/978-3-031-64850-2_11,Conference paper
Intelligent Planning of UAV Flocks via Transfer Learning and Multi-objective Optimization,Arabian Journal for Science and Engineering,,,,10.1007/s13369-025-10064-6,Fahad FarooqZain Anwar AliMuhammad ShafiqAmber IsrarRaza Hasan,2025,https://link.springer.com/article/10.1007/s13369-025-10064-6,Article
Reinforcement Learning of Emerging Swarm Technologies: A Literature Review,"Proceedings of the Future Technologies Conference (FTC) 2024, Volume 3",,,,10.1007/978-3-031-73125-9_31,Afnan M. AlharbiGhaida AlshehriSalma Elhag,2024,https://link.springer.com/chapter/10.1007/978-3-031-73125-9_31,Conference paper
Analysis of Path Finding Techniques for Flying Robots through Intelligent Decision-Making Algorithms in Quantum Inspired Computing Environment,Wireless Personal Communications,,,,10.1007/s11277-024-11125-z,Ritu MaityRuby MishraPrasant Kumar Pattnaik,2024,https://link.springer.com/article/10.1007/s11277-024-11125-z,Article
Improved Artificial Rabbit Optimization Algorithm Fused with Particle Swarm Optimization for Wireless Sensor Network Coverage Optimization,Journal of Shanghai Jiaotong University (Science),,,,10.1007/s12204-024-2574-x,Jin WuZhengdong Su,2024,https://link.springer.com/article/10.1007/s12204-024-2574-x,Article
Global and Local Moth-flame Optimization Algorithm for UAV Formation Path Planning Under Multi-constraints,"International Journal of Control, Automation and Systems",,,,10.1007/s12555-020-0979-3,Xiao-Jing WuLei XuRan ZhenXue-Li Wu,2023,https://link.springer.com/article/10.1007/s12555-020-0979-3,Article
"AI Integration in Drone Technology: Revolutionizing Applications in Agriculture, Security, and Beyond",Unmanned Aerial Vehicles Swarm for Protecting Smart Cities,,,,10.1007/979-8-8688-1047-3_18,Faisal RehmanAsna RabailMuhammad Hamza SajjadShanza Gul,2025,https://link.springer.com/chapter/10.1007/979-8-8688-1047-3_18,Chapter
"UAV swarms: research, challenges, and future directions",Journal of Engineering and Applied Science,,,,10.1186/s44147-025-00582-3,Yunes AlqudsiMurat Makaraci,2025,https://link.springer.com/article/10.1186/s44147-025-00582-3,Article
IoRT and&#xa0;AI-Driven Solution for&#xa0;Optimal Herbicides Spray on&#xa0;Weeds in&#xa0;a&#xa0;Dynamic Agriculture Environment,Advanced Information Networking and Applications,,,,10.1007/978-3-031-87775-9_25,Rajni GoyalShobha KumariAmar NathGurjinder Kaur,2025,https://link.springer.com/chapter/10.1007/978-3-031-87775-9_25,Conference paper
"Autonomous control of unmanned aerial vehicles: applications, requirements, challenges",Cluster Computing,,,,10.1007/s10586-025-05418-6,Hüseyin KüçükerdemCemal YilmazHamdi Tolga KahramanYusuf Sönmez,2025,https://link.springer.com/article/10.1007/s10586-025-05418-6,Article
Drone network for early warning of forest fire and dynamic fire quenching plan generation,EURASIP Journal on Wireless Communications and Networking,,,,10.1186/s13638-023-02320-w,S. ManojC. Valliyammai,2023,https://link.springer.com/article/10.1186/s13638-023-02320-w,Article
Resource Allocation for UAV Swarms Based on Major-Minor Mean Field Game,Advanced Intelligent Computing Technology and Applications,,,,10.1007/978-981-96-9901-8_42,Siwei ChenQiang ChangYuan ZuoFei Xie,2025,https://link.springer.com/chapter/10.1007/978-981-96-9901-8_42,Conference paper
Path planning in three-dimensional space based on butterfly optimization algorithm,Scientific Reports,,,,10.1038/s41598-024-52750-9,Hakimeh MazaheriSalman GoliAli Nourollah,2024,https://link.springer.com/article/10.1038/s41598-024-52750-9,Article
Two-stage heuristic genetic optimization algorithm for multi-UAV logistics task allocation,International Journal of Machine Learning and Cybernetics,,,,10.1007/s13042-025-02747-1,Hao GuoXiaochong TongYuekun SunJiayuan ChengChang YuanYunrui BaiHe LiCongzhou Guo,2025,https://link.springer.com/article/10.1007/s13042-025-02747-1,Article
Multi-objective Path Planning of Multiple Unmanned Air Vehicles Using the CCMO Algorithm,Advances in Swarm Intelligence,,,,10.1007/978-981-97-7181-3_36,Zhenghan ZhouYutong LiuTianwei ZhouBen Niu,2024,https://link.springer.com/chapter/10.1007/978-981-97-7181-3_36,Conference paper
Metaheuristic Optimization for&#xa0;3D UAV Placement,"Paradigm Shifts in Communication, Embedded Systems, Machine Learning, and Signal Processing",,,,10.1007/978-3-031-90577-3_34,M. Nithish KumarDikshant MendheShaik RafeePraveen PawarArvind Kumar,2025,https://link.springer.com/chapter/10.1007/978-3-031-90577-3_34,Conference paper
Assessing Path Planning Algorithms of Mobile Robots: A ROS-Based Simulation Framework,Disruptive Technologies and Optimization Towards Industry 4.0 Logistics,,,,10.1007/978-3-031-58919-5_5,Georgios KaramitsosDimitrios BechtsisNaoum TsolakisDimitrios Vlachos,2024,https://link.springer.com/chapter/10.1007/978-3-031-58919-5_5,Chapter
Strategy for Artificial Intelligence,Transforming Agriculture through Artificial Intelligence for Sustainable Food Systems,,,,10.1007/978-981-96-4795-8_10,Aditya KumarBinita KumariPradeep Mishra,2025,https://link.springer.com/chapter/10.1007/978-981-96-4795-8_10,Chapter
UGV-UAV Integration Advancements for Coordinated Missions: A Review,Journal of Intelligent & Robotic Systems,,,,10.1007/s10846-025-02273-w,Farah Syazwani ShaharMohamed Tariq Hameed SultanMarek NowakowskiAndrzej Łukaszewicz,2025,https://link.springer.com/article/10.1007/s10846-025-02273-w,Article
25 Years of Particle Swarm Optimization: Flourishing Voyage of Two Decades,Archives of Computational Methods in Engineering,,,,10.1007/s11831-022-09849-x,Janmenjoy NayakH. SwapnarekhaBighnaraj NaikGaurav DhimanS. Vimal,2022,https://link.springer.com/article/10.1007/s11831-022-09849-x,Article
Path planning for greenhouse robots using a hybrid Dung beetle algorithm,Intelligent Service Robotics,,,,10.1007/s11370-025-00592-3,Xinhao ZhangYuqing DuanXuefei LiJinqi YangDaoliang LiRan ZhaoWang Yang,2025,https://link.springer.com/article/10.1007/s11370-025-00592-3,Article
Performance analysis of path planning techniques for autonomous robots,International Journal of Intelligent Robotics and Applications,,,,10.1007/s41315-023-00298-8,Lidia G. S. RochaPedro H. C. KimKelen C. Teixeira Vivaldini,2023,https://link.springer.com/article/10.1007/s41315-023-00298-8,Article
Fixed-Wing UAV Energy Efficient 3D Path Planning in Cluttered Environments,Journal of Intelligent & Robotic Systems,,,,10.1007/s10846-022-01608-1,Giuseppe AielloKimon P. ValavanisAlessandro Rizzo,2022,https://link.springer.com/article/10.1007/s10846-022-01608-1,Article
Computational offloading into UAV swarm networks: a systematic literature review,EURASIP Journal on Wireless Communications and Networking,,,,10.1186/s13638-024-02401-4,Asrar Ahmed BaktayanAmmar Thabit ZaharyAxel SikoraDominik Welte,2024,https://link.springer.com/article/10.1186/s13638-024-02401-4,Article
UAV target tracking: a survey,Artificial Intelligence Review,,,,10.1007/s10462-025-11348-x,Pengnian WuYixuan LiDong Xue,2025,https://link.springer.com/article/10.1007/s10462-025-11348-x,Article
Understanding the Roots of Swarm Intelligence in Defence to Find the Path Forward,Thinking Swarms,,,,10.1007/978-3-031-82790-7_2,Anton KlarinPi-Shen SeetJanice JonesMichael N. JohnstoneHelen CrippsJalleh SharafizadTony Marceddo,2025,https://link.springer.com/chapter/10.1007/978-3-031-82790-7_2,Chapter
An exploration-enhanced hybrid algorithm based on regularity evolution for multi-objective multi-UAV 3-D path planning,Complex & Intelligent Systems,,,,10.1007/s40747-025-01846-4,Zhenzu BaiHaiyin ZhouJuhui WeiXuanying ZhouYida NingJiongqi Wang,2025,https://link.springer.com/article/10.1007/s40747-025-01846-4,Article
Optimization of Dual-type Multi-drone Formations for Load-carrying Missions,"International Journal of Control, Automation and Systems",,,,10.1007/s12555-024-0544-6,Ardian RizaldiYoonsoo Kim,2025,https://link.springer.com/article/10.1007/s12555-024-0544-6,Article
Novel Reinforcement Learning Guided Enhanced Variable Weight Grey Wolf Optimization (RLV-GWO) Algorithm for Multi-UAV Path Planning,Wireless Personal Communications,,,,10.1007/s11277-023-10534-w,Rajeev KumarLaxman SinghRajdev Tiwari,2023,https://link.springer.com/article/10.1007/s11277-023-10534-w,Article
Synergistic Approach for UAV Target Tracking: A Voronoi-GWO-Reinforcement Learning Framework,Computational and Experimental Simulations in Engineering,,,,10.1007/978-3-031-82907-9_16,Pranamya P. BhatNeeraj SudheerNandana ManojPreethika Ajay KumarRicha SharmaArti Arya,2025,https://link.springer.com/chapter/10.1007/978-3-031-82907-9_16,Conference paper
A State-of-the-Art Literature Review on Drone Optimization,Women in Soft Computing,,,,10.1007/978-3-031-44706-8_6,Vanita GargDimple Kumari,2024,https://link.springer.com/chapter/10.1007/978-3-031-44706-8_6,Chapter
Decentralized control design for UAV swarms communication,Discover Applied Sciences,,,,10.1007/s42452-024-06408-w,Manju SPrabha MFarithkhan ASivagurunathan GMichael Mahesh K,2025,https://link.springer.com/article/10.1007/s42452-024-06408-w,Article
5G Integration for Enhanced UAV Swarm Connectivity,Unmanned Aerial Vehicles Swarm for Protecting Smart Cities,,,,10.1007/979-8-8688-1047-3_5,Faisal RehmanMuhammad Hammad NawazShanza Gul,2025,https://link.springer.com/chapter/10.1007/979-8-8688-1047-3_5,Chapter
A State-of-the-Art Review on Genetic Algorithm and Particle Swarm Optimization,Soft Computing for Problem Solving,,,,10.1007/978-981-96-8456-4_10,Rekha RaniVanita GargSarika Jain,2025,https://link.springer.com/chapter/10.1007/978-981-96-8456-4_10,Conference paper
An analysis of the robustness of UAV agriculture field coverage using multi-agent reinforcement learning,International Journal of Information Technology,,,,10.1007/s41870-023-01264-0,Nirmal MarwahVivek Kumar SinghGautam Siddharth KashyapSamar Wazir,2023,https://link.springer.com/article/10.1007/s41870-023-01264-0,Article
An intelligence technique for route distance minimization to store and marketize the crop using computational optimization algorithms,Scientific Reports,,,,10.1038/s41598-025-14263-x,Saikat BanerjeeAbhoy Chand Mondal,2025,https://link.springer.com/article/10.1038/s41598-025-14263-x,Article
Path Planning with Improved Dueling DQN Algorithm for UAVs in Unknown Dynamic Environment,Computational and Experimental Simulations in Engineering,,,,10.1007/978-3-031-44947-5_36,Wenshan WangGuoyin ZhangQingan DaYe Tian,2024,https://link.springer.com/chapter/10.1007/978-3-031-44947-5_36,Conference paper
Efficient UAV clustering with stable backup nodes for mobility management in UAV based IoT network,Wireless Networks,,,,10.1007/s11276-025-04057-4,A. RajashekarDharamendra Chouhan,2025,https://link.springer.com/article/10.1007/s11276-025-04057-4,Article
Simulation Framework for Addressing Challenges in Path Planning Evaluation for an Autonomous Surface Vehicle,Journal of Marine Science and Application,,,,10.1007/s11804-025-00646-z,Chuong NguyenMinh TranTrung-Tin NguyenNuwantha FernandoLiuping WangHung Nguyen,2025,https://link.springer.com/article/10.1007/s11804-025-00646-z,Article
Integrating Drone Data Security and Route Optimization Algorithms: Addressing Security Challenges in Unmanned Aerial Systems,"Generative AI in Healthcare: Concepts, Methodologies, Tools, and Applications",,,,10.1007/978-981-95-2129-6_3,Andleeb KhanParma NandBharat BhushanMustafa Al-Asadi,2025,https://link.springer.com/chapter/10.1007/978-981-95-2129-6_3,Chapter
Path planning optimization in unmanned aerial vehicles using meta-heuristic algorithms: a systematic review,Environmental Monitoring and Assessment,,,,10.1007/s10661-022-10590-y,Hazha Saeed YahiaAmin Salih Mohammed,2022,https://link.springer.com/article/10.1007/s10661-022-10590-y,Article
Optimizing Drone Navigation Using Shortest Path Algorithms,Recent Trends in Image Processing and Pattern Recognition,,,,10.1007/978-3-031-53082-1_24,GirijalaxmiKavita V. HoudeRavindra S. Hegadi,2024,https://link.springer.com/chapter/10.1007/978-3-031-53082-1_24,Conference paper
UAV Path Planning Using Optimization Approaches: A Survey,Archives of Computational Methods in Engineering,,,,10.1007/s11831-022-09742-7,Amylia Ait SaadiAssia SoukaneYassine MeraihiAsma Benmessaoud GabisSeyedali MirjaliliAmar Ramdane-Cherif,2022,https://link.springer.com/article/10.1007/s11831-022-09742-7,Article
Artificial Intelligence in Drone and Anti-drone Systems: Cutting-Edge Advances and Applications,Innovative Technologies on Electrical Power Systems for Smart Cities Infrastructure,,,,10.1007/978-3-031-86705-7_16,Yasmine GhazlaneBnouachir HajarEl Maghraoui HajarHaidrar SaidaEl Yadari Mourad,2025,https://link.springer.com/chapter/10.1007/978-3-031-86705-7_16,Conference paper
Optimizing 3D UAV Path Planning: A Multi-strategy Enhanced Beluga Whale Optimizer,Neural Information Processing,,,,10.1007/978-981-99-8082-6_4,Chen YeWentao WangShaoping ZhangPeng Shao,2024,https://link.springer.com/chapter/10.1007/978-981-99-8082-6_4,Conference paper
AI empowered data offloading in MEC enabled UAV networks,Multimedia Tools and Applications,,,,10.1007/s11042-024-19859-5,Nesrine MaatoukAsma Ben LetaifaAbderrezak Rachedi,2024,https://link.springer.com/article/10.1007/s11042-024-19859-5,Article
"Unmanned aerial vehicle assisted communication: applications, challenges, and future outlook",Cluster Computing,,,,10.1007/s10586-024-04631-z,Yilin LiYanxian BiJian WangZhiqiang LiHongxia ZhangPeiying Zhang,2024,https://link.springer.com/article/10.1007/s10586-024-04631-z,Article
Intelligent Path Planning Technologies of Underwater Vehicles: a Review,Journal of Intelligent & Robotic Systems,,,,10.1007/s10846-022-01794-y,Dong AnYizhuo MuYaqian WangBaoke LiYaoguang Wei,2023,https://link.springer.com/article/10.1007/s10846-022-01794-y,Article
Real-World Deployments in Unmanned Aerial Vehicle Swarms,Unmanned Aerial Vehicles Swarm for Protecting Smart Cities,,,,10.1007/979-8-8688-1047-3_3,Muhammad Danyal JavedSher TajYonghao LiuRahim KhanHina HassanM. A. Al-KhasawnehInam Ullah,2025,https://link.springer.com/chapter/10.1007/979-8-8688-1047-3_3,Chapter
UAV Trajectory Planning Based on Deep Residual Learning Network Optimization,Trends in Advanced Unmanned Aerial Systems,,,,10.1007/978-981-96-3240-4_6,Yinghuang LiuZhi LuXizhe TianRui Hou,2025,https://link.springer.com/chapter/10.1007/978-981-96-3240-4_6,Conference paper
Path Optimization Method Under UAV Charging Scheduling Network,Algorithms and Architectures for Parallel Processing,,,,10.1007/978-981-96-1528-5_16,Tingting YangYiqian WangJie ZhuShuyu ChangHaiping Huang,2025,https://link.springer.com/chapter/10.1007/978-981-96-1528-5_16,Conference paper
Intelligent multi-robot exploration in non-exposed spaces: methods and challenges,Artificial Intelligence Review,,,,10.1007/s10462-025-11395-4,Liuchun LiBisheng YangChi ChenZhengfei YanShangzhe SunYuhang XuAng JinLeyi Zhao,2025,https://link.springer.com/article/10.1007/s10462-025-11395-4,Article
A Review of Task Allocation Methods for UAVs,Journal of Intelligent & Robotic Systems,,,,10.1007/s10846-023-02011-0,George Marios SkaltsisHyo-Sang ShinAntonios Tsourdos,2023,https://link.springer.com/article/10.1007/s10846-023-02011-0,Article
MODMOA: A Novel Multi-objective Optimization Algorithm for Unmanned Aerial Vehicle Path Planning,Bio-Inspired Computing: Theories and Applications,,,,10.1007/978-981-97-2272-3_4,Qian WangXiaobo LiPeng SuYuxin ZhaoQiyong Fu,2024,https://link.springer.com/chapter/10.1007/978-981-97-2272-3_4,Conference paper
A Lightweight UAV Delivering Order Method Based on&#xa0;Dynamic Environmental Information,Proceedings of 4th 2024 International Conference on Autonomous Unmanned Systems (4th ICAUS 2024),,,,10.1007/978-981-96-3552-8_43,Yifan GuChenhua PengJianxin ZhouLei MoChaoqun YangHeng Zhang,2025,https://link.springer.com/chapter/10.1007/978-981-96-3552-8_43,Conference paper
Multi objective hybrid optimization for secure and energy effective data communication in wireless sensor network for IoT environment,International Journal of Information Technology,,,,10.1007/s41870-025-02817-1,Vadala NagamaniK. Annapurna,2025,https://link.springer.com/article/10.1007/s41870-025-02817-1,Article
A review of artificial intelligence applied to path planning in UAV swarms,Neural Computing and Applications,,,,10.1007/s00521-021-06569-4,Alejandro Puente-CastroDaniel RiveroAlejandro PazosEnrique Fernandez-Blanco,2021,https://link.springer.com/article/10.1007/s00521-021-06569-4,Article
Unmanned Aerial Vehicle Path Planning Algorithms for Very High Voltage Transmission Lines Inspection,Advances in Control Power Systems and Emerging Technologies,,,,10.1007/978-3-031-51796-9_15,Lamyae FahmaniSiham BenhadouHicham Medromi,2024,https://link.springer.com/chapter/10.1007/978-3-031-51796-9_15,Conference paper
Application of Bio and Nature-Inspired Algorithms in Agricultural Engineering,Archives of Computational Methods in Engineering,,,,10.1007/s11831-022-09857-x,Chrysanthos MaraveasPanagiotis G. AsterisKonstantinos G. ArvanitisThomas BartzanasDimitrios Loukatos,2022,https://link.springer.com/article/10.1007/s11831-022-09857-x,Article
A comprehensive survey of convergence analysis of beetle antennae search algorithm and its applications,Artificial Intelligence Review,,,,10.1007/s10462-024-10789-0,Changzu ChenLi CaoYaodan ChenBinhe ChenYinggao Yue,2024,https://link.springer.com/article/10.1007/s10462-024-10789-0,Article
Research on multi-UAV autonomous obstacle avoidance algorithm integrating improved dynamic window approach and ORCA,Scientific Reports,,,,10.1038/s41598-025-99111-8,Xucheng ChangJingyu WangKang LiXinhui ZhangQian Tang,2025,https://link.springer.com/article/10.1038/s41598-025-99111-8,Article
The Essential Role of Cybersecurity in UAV Swarm Operations,Unmanned Aerial Vehicles Swarm for Protecting Smart Cities,,,,10.1007/979-8-8688-1047-3_11,Fida Muhammad KhanTaj RahmanAsim ZebInam UllahInayat KhanMuhammad Shoaib Akhter,2025,https://link.springer.com/chapter/10.1007/979-8-8688-1047-3_11,Chapter
UAV Smart Navigation: Combining Delaunay Triangulation and&#xa0;the&#xa0;Bat Algorithm for&#xa0;Enhanced Efficiency,Mining Intelligence and Knowledge Exploration,,,,10.1007/978-3-031-44084-7_17,Akshya JothiM. SundarrajanR. GayanaSeifedine Kadry,2023,https://link.springer.com/chapter/10.1007/978-3-031-44084-7_17,Conference paper
Motion planning system for unmanned aerial vehicles in dynamic three-dimensional space: a&#xa0;machine learning approach,Neural Computing and Applications,,,,10.1007/s00521-024-10784-0,Mohammad H. GaribehSameer Al-DahidiMohammad HayajnehMohammad A. JaradatAhmad Alshorman,2024,https://link.springer.com/article/10.1007/s00521-024-10784-0,Article
Heterogeneous Multi-UAV Ad-Hoc Networks for Surveillance and Wireless Coverage in Challenging Terrain to Enhance Disaster Missions,SN Computer Science,,,,10.1007/s42979-024-03144-1,Indu ChandranR. GopikaK. P. Anagha RajendranVipin Kizheppatt,2024,https://link.springer.com/article/10.1007/s42979-024-03144-1,Article
A Review on&#xa0;Cooperative Payload Transportation Using Quadrotor Drones,Proceedings of Third International Symposium on Sustainable Energy and Technological Advancements,,,,10.1007/978-981-97-6976-6_27,Muhammad Aiman Haqiemi Mohd ShaipulKishore BingiB. Rajanarayan PrustyNeeraj Gupta,2024,https://link.springer.com/chapter/10.1007/978-981-97-6976-6_27,Conference paper
Generating Critical Nodes for Sub-path Planning with a Deep Neural Network Based on Resnet50,Proceedings of 2022 International Conference on Autonomous Unmanned Systems (ICAUS 2022),,,,10.1007/978-981-99-0479-2_74,Fei ZouShengde JiaTianqing LiuChang WangYifeng Niu,2023,https://link.springer.com/chapter/10.1007/978-981-99-0479-2_74,Conference paper
Improving time and energy efficiency in multi-UAV coverage operations by optimizing the UAVs’ initial positions,International Journal of Intelligent Robotics and Applications,,,,10.1007/s41315-024-00333-2,Aliki StefanopoulouEmmanuel K. RaptisSavvas D. ApostolidisSocratis GkeliosAthanasios Ch. KapoutsisSavvas A. ChatzichristofisStefanos VrochidisElias B. Kosmatopoulos,2024,https://link.springer.com/article/10.1007/s41315-024-00333-2,Article
A synthesis of machine learning and internet of things in developing autonomous fleets of heterogeneous unmanned aerial vehicles for enhancing the regenerative farming cycle,Computing,,,,10.1007/s00607-024-01347-1,Faris A. AlmalkiMarios C. Angelides,2024,https://link.springer.com/article/10.1007/s00607-024-01347-1,Article
A Pragmatic Review of QoS Optimisations in IoT Driven Networks,Wireless Personal Communications,,,,10.1007/s11277-024-11412-9,Satyabrat SahooSatya Prakash SahooManas Ranjan Kabat,2024,https://link.springer.com/article/10.1007/s11277-024-11412-9,Article
"Robot motion planning: methods, challenges, and future directions",International Journal of Intelligent Robotics and Applications,,,,10.1007/s41315-025-00455-1,Vivek GurveSmita MahajanShivali Amit Wagle,2025,https://link.springer.com/article/10.1007/s41315-025-00455-1,Article
Application of Artificial Intelligence in Aerospace Engineering and Its Future Directions: A Systematic Quantitative Literature Review,Archives of Computational Methods in Engineering,,,,10.1007/s11831-024-10105-7,Kamal HassanAmit Kumar ThakurGurraj SinghJaspreet SinghLovi Raj GuptaRajesh Singh,2024,https://link.springer.com/article/10.1007/s11831-024-10105-7,Article
Improvement of the consumption energy of quadrotor motors for soft landings on a platform using the Grey Wolf Optimization algorithm in the presence of external disturbance,Spatial Information Research,,,,10.1007/s41324-025-00627-y,Farsimadan AnnaMazinan Amir HooshangSiahi Mehdi,2025,https://link.springer.com/article/10.1007/s41324-025-00627-y,Article
"A comprehensive survey on FANET-IoT-IoV interactions: challenges, opportunities, and future directions in 6G-enabled smart cities",Computing,,,,10.1007/s00607-025-01602-z,Rizwan RazaFarhan Aadil,2025,https://link.springer.com/article/10.1007/s00607-025-01602-z,Article
Efficient path planning for autonomous vehicles based on RRT* with variable probability strategy and artificial potential field approach,Scientific Reports,,,,10.1038/s41598-024-76299-9,Fazhan TaoZhaowei DingZhigao FuMengyang LiBaofeng Ji,2024,https://link.springer.com/article/10.1038/s41598-024-76299-9,Article
Improved chimp optimization algorithm for three-dimensional path planning problem,Multimedia Tools and Applications,,,,10.1007/s11042-022-12882-4,Nating DuYongquan ZhouWu DengQifang Luo,2022,https://link.springer.com/article/10.1007/s11042-022-12882-4,Article
Modeling and simulation of dual-battery FANET system using MADRL for energy optimization,Scientific Reports,,,,10.1038/s41598-025-30429-z,A. Sophia MaryT. S. Pradeep Kumar,2025,https://link.springer.com/article/10.1038/s41598-025-30429-z,Article
Computing paradigms for smart farming in the era of drones: a systematic review,Annals of Telecommunications,,,,10.1007/s12243-023-00997-0,Sourour DhifaouiChiraz HouaidiaLeila Azouz Saidane,2023,https://link.springer.com/article/10.1007/s12243-023-00997-0,Article
White Shark Optimizer and its Applications: A Systematic Review,Archives of Computational Methods in Engineering,,,,10.1007/s11831-025-10469-4,Mohammed A. AwadallahMalik BraikLeen AlAkhrasSofian KassaymehMohammed Azmi Al-Betar,2025,https://link.springer.com/article/10.1007/s11831-025-10469-4,Article
Towards the Achievement of Path Planning with Multi-robot Systems in Dynamic Environments,Journal of Intelligent & Robotic Systems,,,,10.1007/s10846-021-01555-3,G. KyprianouL. DoitsidisS. A. Chatzichristofis,2021,https://link.springer.com/article/10.1007/s10846-021-01555-3,Article
Multi-criteria decision model for multicircular flight control of unmanned aerial vehicles through a hybrid approach,Scientific Reports,,,,10.1038/s41598-025-01508-y,Noorulden BasilHamzah M. MarhoonBayan Mahdi SabbarAbdullah Fadhil MohammedOsamah AlbahriAhmed AlbahriAbdullah AlamoodiIman Mohamad SharafAmare Merfo AmsalMahrous AhmedEnas AliSherif S. M. Ghoneim,2025,https://link.springer.com/article/10.1038/s41598-025-01508-y,Article
UAV Swarm Coordination Based on Intelligent Microservices,Proceedings of the 6th China Aeronautical Science and Technology Conference,,,,10.1007/978-981-99-8864-8_57,Yan ZhaoPengcheng WenLinting BaiBin Wang,2024,https://link.springer.com/chapter/10.1007/978-981-99-8864-8_57,Conference paper
Flight Path Optimization for UAV Bridge Inspection Considering Required Functions of Structural Members by Viewpoint Importance and Verification with 3D Model in Virtual Space,Experimental Vibration Analysis for Civil Engineering Structures,,,,10.1007/978-3-031-96110-6_15,Shunsei SatoMayuko Nishio,2025,https://link.springer.com/chapter/10.1007/978-3-031-96110-6_15,Conference paper
Overview,Optimization Methods for Cooperative Task Allocation Problems in Drone Fleets,,,,10.1007/978-3-032-05813-3_1,He LuoXiaoxuan HuGuoqiang WangYingying Ma,2025,https://link.springer.com/chapter/10.1007/978-3-032-05813-3_1,Chapter
Unlocking the Potential of Machine Learning for Enhanced Security in Drone-Enabled IoT Networks,Machine Learning for Drone-Enabled IoT Networks,,,,10.1007/978-3-031-80961-3_6,M. S. BhargaviP. HemavathiChowdam JaganathKilari Narendra,2025,https://link.springer.com/chapter/10.1007/978-3-031-80961-3_6,Chapter
"An exhaustive review of the metaheuristic algorithms for search and optimization: taxonomy, applications, and open challenges",Artificial Intelligence Review,,,,10.1007/s10462-023-10470-y,Kanchan RajwarKusum DeepSwagatam Das,2023,https://link.springer.com/article/10.1007/s10462-023-10470-y,Article
A Novel Hybrid Discrete Grey Wolf Optimizer Algorithm for Multi-UAV Path Planning,Journal of Intelligent & Robotic Systems,,,,10.1007/s10846-021-01490-3,Gewen HuangYanguang CaiJianqi LiuYuanhang QiXiaozhou Liu,2021,https://link.springer.com/article/10.1007/s10846-021-01490-3,Article
Research Progress of Assisted Pollination Technology,New Technologies Applied in Apple Production,,,,10.1007/978-981-97-7778-5_3,Qu ZhangZhao ZhangXu LiLiling Yang,2024,https://link.springer.com/chapter/10.1007/978-981-97-7778-5_3,Chapter
An Industrial Robot Path Planning Method Based on&#xa0;Improved Whale Optimization Algorithm,"Green, Pervasive, and Cloud Computing",,,,10.1007/978-981-99-9893-7_16,Peixin HuangChen DongZhenyi ChenZihang ZhenLei Jiang,2024,https://link.springer.com/chapter/10.1007/978-981-99-9893-7_16,Conference paper
Robotic vision based obstacle avoidance for navigation of unmanned aerial vehicle using fuzzy rule based optimal deep learning model,Evolutionary Intelligence,,,,10.1007/s12065-023-00881-9,K. N. V. Suresh VarmaS. Lalitha Kumari,2023,https://link.springer.com/article/10.1007/s12065-023-00881-9,Article
UAV path planning method for avoiding restricted areas,Intelligent Service Robotics,,,,10.1007/s11370-021-00386-3,Kwanghoon ChoiJai-Hoon Kim,2021,https://link.springer.com/article/10.1007/s11370-021-00386-3,Article
"Application of Green IoT in Agriculture 4.0 and Beyond: Requirements, Challenges and Research Trends in the Era of 5G, LPWANs and Internet of UAV Things",Wireless Personal Communications,,,,10.1007/s11277-023-10521-1,Parijata MajumdarDiptendu BhattacharyaSanjoy MitraBharat Bhushan,2023,https://link.springer.com/article/10.1007/s11277-023-10521-1,Article
Cooperative Operation Path Planning for Multiple Plant Protection UAVs Based on Bi-level ACO,"Advances in Guidance, Navigation and Control",,,,10.1007/978-981-19-6613-2_239,Quanyou YuZhizheng XuNa Duan,2023,https://link.springer.com/chapter/10.1007/978-981-19-6613-2_239,Conference paper
Trajectory Tracking and Control of Unmanned Aerial Vehicle (UAV): A Particle Swarm Optimization-Based Approach,Artificial Intelligence and Data Science Based R&D Interventions,,,,10.1007/978-981-99-2609-1_8,Shreyansh SharmaAbhinav Kumar SinghOmkar SinghAnjan Kumar Ray,2023,https://link.springer.com/chapter/10.1007/978-981-99-2609-1_8,Conference paper
"Mobility, Traffic Models, and Network Management for Internet of Unmanned Things by Using Artificial Intelligence",Internet of Unmanned Things (IoUT) and Mission-based Networking,,,,10.1007/978-3-031-33494-8_2,Arunima Sharma,2023,https://link.springer.com/chapter/10.1007/978-3-031-33494-8_2,Chapter
Optimal Clustering and Mobile BS Deployment Through Improved PSO,Arabian Journal for Science and Engineering,,,,10.1007/s13369-025-10379-4,Gamil AhmedFarid BinbeshrMaged S. Al-QuraishiAhmed EltayebNezar M. AlyazidiMahmoud S. AbouOmarTarek Sheltami,2025,https://link.springer.com/article/10.1007/s13369-025-10379-4,Article
Drones as a service (DaaS) for 5G networks and blockchain-assisted IoT-based smart city infrastructure,Cluster Computing,,,,10.1007/s10586-024-04354-1,Tanya GargShashank GuptaMohammad S. ObaidatMeghna Raj,2024,https://link.springer.com/article/10.1007/s10586-024-04354-1,Article
"Dynamic fitness-distance balance competitive swarm optimizer: performance investigation, engineering Simulation, and application in superconductor critical temperature prediction",Cluster Computing,,,,10.1007/s10586-025-05366-1,Yang CaoXingbang DuJun YuRui ZhongMasaharu Munetomo,2025,https://link.springer.com/article/10.1007/s10586-025-05366-1,Article
Energy-Aware UAV Data Collection in Robotic Wireless Sensor Networks Under Imperfect Battery Predictions,Telecommunication Systems,,,,10.1007/s11235-025-01383-y,Beyza DuranOmer Melih GulSeifedine Kadry,2025,https://link.springer.com/article/10.1007/s11235-025-01383-y,Article
Experimentation and Simulation with Autonomous Coverage Path Planning for UAVs,Journal of Intelligent & Robotic Systems,,,,10.1007/s10846-022-01654-9,Iago Z. BiundiniAurelio G. MeloFabrício O. CoelhoLeonardo M. HonórioAndré L. M. MarcatoMilena Faria Pinto,2022,https://link.springer.com/article/10.1007/s10846-022-01654-9,Article
Clusterized Multi-objective Approach With Variable and Adaptive Neighborhood Search for Multi-robot Task Allocation,"International Journal of Control, Automation and Systems",,,,10.1007/s12555-025-0379-9,Tatiana M. B. dos SantosMilena F. PintoGabrielle O. TimotheoIago Z. BiundiniCelso M. de L. JuniorLeonardo M. HonórioEsteban W. G. Clua,2025,https://link.springer.com/article/10.1007/s12555-025-0379-9,Article
Numerical Potential Fields Based Multi-stage Path Planning for UTM in Dense Non-segregated Airspace,Journal of Intelligent & Robotic Systems,,,,10.1007/s10846-023-01916-0,Sajid Ahamed M ASatya Prakash KShuvrangshu JanaDebasish Ghose,2023,https://link.springer.com/article/10.1007/s10846-023-01916-0,Article
Obstacle Avoidance Path Planning Using the Elite Ant Colony Algorithm for Parameter Optimization of Unmanned Aerial Vehicles,Arabian Journal for Science and Engineering,,,,10.1007/s13369-022-07204-7,Xiaoling MengXijing ZhuJing Zhao,2022,https://link.springer.com/article/10.1007/s13369-022-07204-7,Article
"Artificial intelligence in environmental research: bibliometric, text mining and content analysis",Discover Artificial Intelligence,,,,10.1007/s44163-025-00289-7,Chukwuebuka C. OkaforFestus A. OtunomoValentine E. NnadiChinelo A. NzekweAdaobi V. NwoyeCharles C. Ajaero,2025,https://link.springer.com/article/10.1007/s44163-025-00289-7,Article
The impact of machine learning applications in agricultural supply chain: a topic modeling-based review,Discover Food,,,,10.1007/s44187-025-00419-1,Abderahman RejebKarim RejebAbdo Hassoun,2025,https://link.springer.com/article/10.1007/s44187-025-00419-1,Article
Critical review on integrated real-time energy management strategy and digital twin applied to hybrid electric UAVs,Electrical Engineering,,,,10.1007/s00202-024-02746-5,Nkotto Akono CyrilleNdzana Jean CalvinMengata Mengounou GhislainSosso Mayi Olivier Thierry,2024,https://link.springer.com/article/10.1007/s00202-024-02746-5,Article
Multi-UAV Collaborative Detection Based on&#xa0;Reinforcement Learning,Advances in Swarm Intelligence,,,,10.1007/978-981-97-7181-3_37,Yuanhui HaoChubing GuoLiangjun Ke,2024,https://link.springer.com/chapter/10.1007/978-981-97-7181-3_37,Conference paper
PSO–PID Controller for Quadcopter UAV: Index Performance Comparison,Arabian Journal for Science and Engineering,,,,10.1007/s13369-023-08088-x,Nur Hayati SahrirMohd Ariffanan Mohd Basri,2023,https://link.springer.com/article/10.1007/s13369-023-08088-x,Article
Multi-mission UAV Trajectory Planning in Smart Agriculture with Polarization Learning Model-Driven by Harris Hawks Optimizer,Intelligent Networked Things,,,,10.1007/978-981-97-3948-6_18,Xinyu LiuYuxin MaPeng Shao,2024,https://link.springer.com/chapter/10.1007/978-981-97-3948-6_18,Conference paper
Improved Grey Wolf Optimization Algorithm Based on Logarithmic Inertia Weight,International Conference on Cloud Computing and Computer Networks,,,,10.1007/978-3-031-47100-1_8,Xueying LuoLanyue Pi,2024,https://link.springer.com/chapter/10.1007/978-3-031-47100-1_8,Conference paper
A compressive sensing-driven data collection scheme for UAV-assisted wireless sensor networks,Scientific Reports,,,,10.1038/s41598-025-34159-0,Zhe HanGuoqiang ZhengChuanfeng LiGuoqiang WangYu Mu,2025,https://link.springer.com/article/10.1038/s41598-025-34159-0,Article
"Artificial Intelligence and Its Impact on Quality Seeds of Cereals, Pulses, and Oilseed Crops",Advances in Seed Quality Evaluation and Improvement,,,,10.1007/978-981-96-5178-8_3,Sudipta MahatoRabinath MurmuRitwik SahooDinabandhu SamantaSumit SowShivani RanjanHarun Gitari,2025,https://link.springer.com/chapter/10.1007/978-981-96-5178-8_3,Chapter
Optimization of helicopter and UAV coordinated SAR time,Scientific Reports,,,,10.1038/s41598-025-14192-9,Ming ZhangYing HuoHanzhi ZhangJiale DuanFaqiang Wen,2025,https://link.springer.com/article/10.1038/s41598-025-14192-9,Article
Evaluation of unmanned combat aerial vehicles using q-rung orthopair fuzzy entropy based multi-attribute border approximation area comparison method,Operational Research,,,,10.1007/s12351-025-00952-y,Betül Turanoğlu Şirin,2025,https://link.springer.com/article/10.1007/s12351-025-00952-y,Article
Multi-Cloud Path Planning of Unmanned Aerial Vehicles with Multi-Criteria Decision Making: A Literature Review,Operationalizing Multi-Cloud Environments,,,,10.1007/978-3-030-74402-1_3,K. SanthiB. ValarmathiT. Chellatamilan,2022,https://link.springer.com/chapter/10.1007/978-3-030-74402-1_3,Chapter
Improved ant colony algorithm in path planning of a single robot and multi-robots with multi-objective,Evolutionary Intelligence,,,,10.1007/s12065-023-00821-7,Xingcheng PuXinlin SongLing TanYi Zhang,2023,https://link.springer.com/article/10.1007/s12065-023-00821-7,Article
Hopf Bifurcation for UAV Path Planning in Autonomous Surveillance and Landing on an UGV,Journal of Intelligent & Robotic Systems,,,,10.1007/s10846-021-01391-5,Efrain IbarraErik G. Rojo-RodriguezManuel A. Jimenez-LizarragaOctavio Garcia-SalazarIgnacio Quiroz-Vazquez,2021,https://link.springer.com/article/10.1007/s10846-021-01391-5,Article
HG-SMA: hierarchical guided slime mould algorithm for smooth path planning,Artificial Intelligence Review,,,,10.1007/s10462-023-10398-3,Gang HuBo DuGuo Wei,2023,https://link.springer.com/article/10.1007/s10462-023-10398-3,Article
Control Systems for Unmanned Aerial Vehicles: Advancement and Challenges,Recent Advances in Aerospace Engineering,,,,10.1007/978-981-97-1306-6_9,Nikhil YogiNiraj Kumar,2024,https://link.springer.com/chapter/10.1007/978-981-97-1306-6_9,Conference paper
Navigation and Trajectory Planning Techniques for Unmanned Aerial Vehicles Swarm,Artificial Intelligence for Robotics and Autonomous Systems Applications,,,,10.1007/978-3-031-28715-2_12,Nada Mohammed ElfatihElmustafa Sayed AliRashid A. Saeed,2023,https://link.springer.com/chapter/10.1007/978-3-031-28715-2_12,Chapter
Research on collaborative scheduling strategies of multi-agent agricultural machinery groups,Scientific Reports,,,,10.1038/s41598-025-93848-y,Ziyi WangFan ZhangShiji MaHailong WangShunyao ZhangXiaozhong Gao,2025,https://link.springer.com/article/10.1038/s41598-025-93848-y,Article
Unifying ground and air: a comprehensive review of deep learning-enabled CAVs and UAVs,Artificial Intelligence Review,,,,10.1007/s10462-025-11425-1,Muhammad Umer ZiaWei XiangTao HuangJameel AhmadJawwad Nasar ChatthaIjaz Haider NaqviFaran Awais Butt,2025,https://link.springer.com/article/10.1007/s10462-025-11425-1,Article
A Greedy and Variable Neighborhood Search Metaheuristic Approach for the Cumulative Unmanned Aerial Vehicle Routing Problem,Disruptive Technologies and Optimization Towards Industry 4.0 Logistics,,,,10.1007/978-3-031-58919-5_9,Nikolaos A. KyriakakisThemistoklis StamadianosMagdalene MarinakiYannis Marinakis,2024,https://link.springer.com/chapter/10.1007/978-3-031-58919-5_9,Chapter
Unmanned Aerial Vehicle-Assisted Clustered Wireless Sensor Network Data Collection Efficiency Improvement,Modern Artificial Intelligence and Data Science,,,,10.1007/978-3-031-33309-5_23,Mohamed AbidSaid El KafhaliAbdellah AmzilMohamed Hanini,2023,https://link.springer.com/chapter/10.1007/978-3-031-33309-5_23,Chapter
A Visual Path Planning Framework Based on&#xa0;Path Search Area,Proceedings of 2021 5th Chinese Conference on Swarm Intelligence and Cooperative Control,,,,10.1007/978-981-19-3998-3_6,Wei ZhangZike LeiXi Chen,2023,https://link.springer.com/chapter/10.1007/978-981-19-3998-3_6,Conference paper
"Unmanned aerial vehicles (UAVs): practical aspects, applications, open challenges, security issues, and future trends",Intelligent Service Robotics,,,,10.1007/s11370-022-00452-4,Syed Agha Hassnain MohsanNawaf Qasem Hamood OthmanYanlong LiMohammed H. AlsharifMuhammad Asghar Khan,2023,https://link.springer.com/article/10.1007/s11370-022-00452-4,Article
Empowering CO<sub>2</sub> emission prediction: an innovative approach based on jackaloptimization techniques,Neural Computing and Applications,,,,10.1007/s00521-025-11614-7,Sara A. Shehab,2025,https://link.springer.com/article/10.1007/s00521-025-11614-7,Article
A Cloud-Based Drones’ Model for Detection and Tracking of Stationary and Motion-Based Snakes in Farms in Marginalized Rural Areas: A Preliminary Study,Towards new e-Infrastructure and e-Services for Developing Countries,,,,10.1007/978-3-031-81573-7_4,Phumlani T. SimelaneOkuthe P. Kogeda,2025,https://link.springer.com/chapter/10.1007/978-3-031-81573-7_4,Conference paper
IECO: an improved educational competition optimizer for state-of-the-art engineering optimization,Journal of Big Data,,,,10.1186/s40537-025-01260-0,Xiaojie TangJunbo Jacob LianLing MaXincan WuRui ZhongYujun ZhangHuiling Chen,2025,https://link.springer.com/article/10.1186/s40537-025-01260-0,Article
Review of Protocol Stack Development of Flying Ad-hoc Networks for Disaster Monitoring Applications,Archives of Computational Methods in Engineering,,,,10.1007/s11831-022-09791-y,Ruchi DhallSarang Dhongdi,2022,https://link.springer.com/article/10.1007/s11831-022-09791-y,Article
UAV swarm formation reconfiguration control based on variable-stepsize MPC-APCMPIO algorithm,Science China Information Sciences,,,,10.1007/s11432-022-3735-5,Jian LiaoJun ChengBin XinDelin LuoLihui ZhengYuhang KangShaolei Zhou,2023,https://link.springer.com/article/10.1007/s11432-022-3735-5,Article
A Critical Review on Metaheuristic Algorithms based Multi-Criteria Decision-Making Approaches and Applications,Archives of Computational Methods in Engineering,,,,10.1007/s11831-024-10165-9,Rishabh RishabhKedar Nath Das,2024,https://link.springer.com/article/10.1007/s11831-024-10165-9,Article
Methodology for Assessing the Efficiency of Generated UAV Flight Route Plans for Optimal Selection,Smart Innovations in Energy and Mechanical Systems,,,,10.1007/978-3-031-95191-6_22,Alina ArtomovaIhor Artomov,2025,https://link.springer.com/chapter/10.1007/978-3-031-95191-6_22,Conference paper
On the Routing of Unmanned Aerial Vehicles (UAVs) in Precision Farming Sampling Missions,Information and Communication Technologies for Agriculture—Theme III: Decision,,,,10.1007/978-3-030-84152-2_5,Georgios DoliasLefteris BenosDionysis Bochtis,2022,https://link.springer.com/chapter/10.1007/978-3-030-84152-2_5,Chapter
Path Optimization for Minimizing Energy Consumption in Harvesting,Agricultural-Centric Computation,,,,10.1007/978-3-031-74440-2_26,Aditya SinglaDigvijay SinghKalpana Shankhwar,2025,https://link.springer.com/chapter/10.1007/978-3-031-74440-2_26,Conference paper
Meta-Heuristic Optimal Path Planning in Blockchain-Aided UAV Swarm Network,Futuristic Trends in Networks and Computing Technologies,,,,10.1007/978-981-19-5037-7_13,M. KayalvizhiS. Ramamoorthy,2022,https://link.springer.com/chapter/10.1007/978-981-19-5037-7_13,Conference paper
COCOMA: a resource-optimized cooperative UAVs communication protocol for surveillance and monitoring applications,Wireless Networks,,,,10.1007/s11276-022-03031-8,Youssra CherigueneFatima Zohra BousbaaChaker Abdelaziz KerracheSoumia DjellikhNasreddine LagraaMohamed LahbyAbderrahmane Lakas,2022,https://link.springer.com/article/10.1007/s11276-022-03031-8,Article
Green design and manufacturing processes based on additive manufacturing: A review,MRS Communications,,,,10.1557/s43579-025-00789-8,Lingxiao LuYanshuai YangKun ShengXiaotong DuYuxi SongZhentao Mi,2025,https://link.springer.com/article/10.1557/s43579-025-00789-8,Article
Artificial Intelligence Algorithms and Models for Embodied Agents: Enhancing Autonomy in Drones and Robots,"Building Embodied AI Systems: The Agents, the Architecture Principles, Challenges, and Application Domains",,,,10.1007/978-3-031-68256-8_5,Gnanasankaran NatarajanElakkiya ElangoB. SundaravadivazhaganSandha Rethinam,2024,https://link.springer.com/chapter/10.1007/978-3-031-68256-8_5,Chapter
Trajectory tracking control of a crawler maneuvering structure via backstepping–PSO parameter optimization,Journal of Mechanical Science and Technology,,,,10.1007/s12206-025-1136-y,Chen ZhangHong ZhangLichen TianJucai LiHonghong Yan,2025,https://link.springer.com/article/10.1007/s12206-025-1136-y,Article
An Overview of Flying Ad-Hoc Networks,IoT-Enabled Energy Efficiency Assessment of Renewable Energy Systems and Micro-grids in Smart Cities,,,,10.1007/978-3-031-60629-8_29,Belghachi Mohammed,2024,https://link.springer.com/chapter/10.1007/978-3-031-60629-8_29,Conference paper
Machine Learning for Unmanned Aerial Vehicles Navigation: An Overview,SN Computer Science,,,,10.1007/s42979-023-02592-5,Leonardo A. Fagundes-JuniorKevin B. de CarvalhoRicardo S. FerreiraAlexandre S. Brandão,2024,https://link.springer.com/article/10.1007/s42979-023-02592-5,Article
An efficient data transmission scheme for WSNs assisted by multiple UAVs,Wireless Networks,,,,10.1007/s11276-024-03874-3,Hao LiuRenwen ChenShanshan DingFei LiuZihao JiangGuoqiang LuJunyi Zhang,2024,https://link.springer.com/article/10.1007/s11276-024-03874-3,Article
Improved multi-strategy adaptive Grey Wolf Optimization for practical engineering applications and high-dimensional problem solving,Artificial Intelligence Review,,,,10.1007/s10462-024-10821-3,Mingyang YuJing XuWeiyun LiangYu QiuSixu BaoLin Tang,2024,https://link.springer.com/article/10.1007/s10462-024-10821-3,Article
Trajectory optimization for UAV-assisted relay over 5G networks based on reinforcement learning framework,EURASIP Journal on Wireless Communications and Networking,,,,10.1186/s13638-023-02268-x,Sara M. M. AbohashishRawya Y. RizkE. I. Elsedimy,2023,https://link.springer.com/article/10.1186/s13638-023-02268-x,Article
Advances in Sand Cat Swarm Optimization: A Comprehensive Study,Archives of Computational Methods in Engineering,,,,10.1007/s11831-024-10217-0,Ferzat AnkaNazim Aghayev,2025,https://link.springer.com/article/10.1007/s11831-024-10217-0,Article
Enhancing aerial robots performance through robust hybrid control and metaheuristic optimization of controller parameters,Neural Computing and Applications,,,,10.1007/s00521-023-09014-w,Yunes Sh. AlqudsiRadhwan A. A. SalehMurat MakaraciH. Metin Ertunç,2023,https://link.springer.com/article/10.1007/s00521-023-09014-w,Article
"A Review of Field Plant Phenotyping Platform, Sensing and Navigation Technology",Transforming Technologies in Smart Agriculture,,,,10.1007/978-981-97-4141-0_1,Z. RuiZ. ZhangT. Chen,2024,https://link.springer.com/chapter/10.1007/978-981-97-4141-0_1,Chapter
Multirole UAVs Supported Parking Surveillance System,Mobile Networks and Applications,,,,10.1007/s11036-022-02045-y,Goran JausevacDalibor DobrilovicVladimir BrtkaGordana JotanovicDragan PerakovicZeljko Stojanov,2022,https://link.springer.com/article/10.1007/s11036-022-02045-y,Article
YOLO advances to its genesis: a decadal and comprehensive review of the You Only Look Once (YOLO) series,Artificial Intelligence Review,,,,10.1007/s10462-025-11253-3,Ranjan SapkotaMarco Flores-CaleroRizwan QureshiChetan BadgujarUpesh NepalAlwin PoulosePeter ZenoUday Bhanu Prakash VaddevoluSheheryar KhanMaged ShomanHong YanManoj Karkee,2025,https://link.springer.com/article/10.1007/s10462-025-11253-3,Article
A Comprehensive Review of Cutting-Edge Disaster Response: UAVs Equipped with FSO-Based Communications,Wireless Personal Communications,,,,10.1007/s11277-025-11782-8,Zaid Jabbar Al-AllaqWafaa M. R. ShakirJinan Charafeddine,2025,https://link.springer.com/article/10.1007/s11277-025-11782-8,Article
An Improved Trajectory Planning Method for Unmanned Aerial Vehicles in Complex Environments,Bio-Inspired Computing: Theories and Applications,,,,10.1007/978-981-97-2275-4_12,Chen ZhangModuo YuWentao HuangYi HuYang ChenQinqin Fan,2024,https://link.springer.com/chapter/10.1007/978-981-97-2275-4_12,Conference paper
"Applications, classifications, and challenges: a comprehensive evaluation of recently developed metaheuristics for search and analysis",Artificial Intelligence Review,,,,10.1007/s10462-025-11377-6,Muhammad Suhail ShaikhSaurav RajGengzhong ZhengSenlin XieChang WangXiaoqing DongYifan LinChunwu WangNaveed Ur Rehman Junejo,2025,https://link.springer.com/article/10.1007/s10462-025-11377-6,Article
A Survey of Robotic Harvesting Systems and Enabling Technologies,Journal of Intelligent & Robotic Systems,,,,10.1007/s10846-022-01793-z,Leonidas DroukasZoe DoulgeriNikolaos L. TsakiridisDimitra TriantafyllouIoannis KleitsiotisIoannis MariolisDimitrios GiakoumisDimitrios TzovarasDimitrios KaterisDionysis Bochtis,2023,https://link.springer.com/article/10.1007/s10846-022-01793-z,Article
An enhanced multi-strategy exponential distribution optimizer and its application in wireless sensor network coverage optimization,Cluster Computing,,,,10.1007/s10586-025-05811-1,ZhiPeng QiuZengtong LuYingxue Wen,2025,https://link.springer.com/article/10.1007/s10586-025-05811-1,Article
A multi-learning strategy golden eagle optimization algorithm for feature selection in data classification,International Journal of Machine Learning and Cybernetics,,,,10.1007/s13042-025-02721-x,Zhidan LiLing YuYuyang HuangHongying Zhao,2025,https://link.springer.com/article/10.1007/s13042-025-02721-x,Article
The Study of Cluster-Based Energy-Efficient Algorithms of Flying Ad-Hoc Networks,Emerging Trends in Expert Applications and Security,,,,10.1007/978-981-99-1909-3_1,Ayushi SharmaSandeep SharmaPrabhsimran Singh,2023,https://link.springer.com/chapter/10.1007/978-981-99-1909-3_1,Conference paper
Path Planning Algorithm of Robot Dynamic Target Based on State Change,"Advances in Guidance, Navigation and Control",,,,10.1007/978-981-15-8155-7_351,Qijie ChenZhicai XiaoYuqiang JinTaoyu Wang,2022,https://link.springer.com/chapter/10.1007/978-981-15-8155-7_351,Conference paper
A geometry-based method for the rapid deployment of a UAV pseudolite navigation system in a target area,Journal of Geodesy,,,,10.1007/s00190-023-01790-6,Xin YangWenxiang LiuXiaozhou YeXiangjun LiShipeng WeiFeixue Wang,2023,https://link.springer.com/article/10.1007/s00190-023-01790-6,Article
Improving navigational parameters and control of autonomous robot using hybrid SOMA–PSO technique,Evolutionary Intelligence,,,,10.1007/s12065-023-00820-8,Manoj Kumar MuniPragyan Kumar PradhanPrasant Ranjan DhalSaroj KumarRabinarayan SethiSanjay Kumar Patra,2023,https://link.springer.com/article/10.1007/s12065-023-00820-8,Article
Multiobjective Evolutionary Approach for&#xa0;Flight Planning of&#xa0;an&#xa0;Autonomous Fleet of&#xa0;Unmanned Aerial Vehicles in&#xa0;Exploration and&#xa0;Surveillance Missions,Advancements in Optimization and Nature-Inspired Computing for Solutions in Contemporary Engineering Challenges,,,,10.1007/978-981-96-0706-8_2,Sergio Nesmachnow,2025,https://link.springer.com/chapter/10.1007/978-981-96-0706-8_2,Chapter
Obstacle Avoidance and Trajectory Tracking Control of a Quadrotor UAV Under Wind Disturbance,"Advances in Guidance, Navigation and Control",,,,10.1007/978-981-19-6613-2_585,Zhihao CaiZeyu HaoJiang ZhaoYingxun Wang,2023,https://link.springer.com/chapter/10.1007/978-981-19-6613-2_585,Conference paper
Artificial intelligence for waste management in smart cities: a review,Environmental Chemistry Letters,,,,10.1007/s10311-023-01604-3,Bingbing FangJiacheng YuZhonghao ChenAhmed I. OsmanMohamed FarghaliIkko IharaEssam H. HamzaDavid W. RooneyPow-Seng Yap,2023,https://link.springer.com/article/10.1007/s10311-023-01604-3,Article
"Metaheuristic Algorithms Since 2020: Development, Taxonomy, Analysis, and Applications",Archives of Computational Methods in Engineering,,,,10.1007/s11831-025-10408-3,Arunita DasRebika RaiBuddhadev SasmalKrishna Gopal DhalRuba Abu KhurmaRamesh Saha,2025,https://link.springer.com/article/10.1007/s11831-025-10408-3,Article
Performance evaluation of mobile robotic system for monitoring and inspection using MQTT protocol and IoT technique,International Journal of Intelligent Robotics and Applications,,,,10.1007/s41315-025-00465-z,Amitava DasRavi Kant Jain,2025,https://link.springer.com/article/10.1007/s41315-025-00465-z,Article
Multi-constrained cooperative path planning of multiple drones for persistent surveillance in urban environments,Complex & Intelligent Systems,,,,10.1007/s40747-021-00300-5,Yu WuShaobo WuXinting Hu,2021,https://link.springer.com/article/10.1007/s40747-021-00300-5,Article
A Comprehensive Survey on Seagull Optimization Algorithm and Its Variants,Archives of Computational Methods in Engineering,,,,10.1007/s11831-025-10249-0,Vimal Kumar PathakSwati GangwarMithilesh K. Dikshit,2025,https://link.springer.com/article/10.1007/s11831-025-10249-0,Article
Optimal trajectory generation of a drone for wheelchair tracking using mixed-integer programming,Artificial Life and Robotics,,,,10.1007/s10015-021-00710-1,Shun WatanabeMasakazu Mukai,2021,https://link.springer.com/article/10.1007/s10015-021-00710-1,Article
Embodied navigation,Science China Information Sciences,,,,10.1007/s11432-024-4303-8,Yunhao LiuLi LiuYawen ZhengYunhuai LiuFan DangNingbo LiKe Ma,2025,https://link.springer.com/article/10.1007/s11432-024-4303-8,Article
Global Round-up Strategy Based on an Improved Hungarian Algorithm for Multi-robot Systems,Journal of Intelligent & Robotic Systems,,,,10.1007/s10846-024-02190-4,Meng ZhouJianyu LiChang WangJing WangWeifeng ZhaiVicenç Puig,2024,https://link.springer.com/article/10.1007/s10846-024-02190-4,Article
Multi-MAV Autonomous Full Coverage Search in Cluttered Forest Environments,Journal of Intelligent & Robotic Systems,,,,10.1007/s10846-022-01723-z,Xiaoling XuDamian MarelliWei MengFumin ZhangQianqian CaiMinyue Fu,2022,https://link.springer.com/article/10.1007/s10846-022-01723-z,Article
Novel joint data collection and wireless charging algorithm for rechargeable wireless sensor networks,Peer-to-Peer Networking and Applications,,,,10.1007/s12083-024-01870-0,Pankaj ChandraSantosh Soni,2025,https://link.springer.com/article/10.1007/s12083-024-01870-0,Article
Intelligent and Fuzzy UAV Transportation Applications in Aviation 4.0,Intelligent and Fuzzy Techniques in Aviation 4.0,,,,10.1007/978-3-030-75067-1_19,Mahmoud GolabiMazyar Ghadiri Nejad,2022,https://link.springer.com/chapter/10.1007/978-3-030-75067-1_19,Chapter
A Cost-Effective Unmanned Ground Vehicle (UGV) Using Swarm Robotics Technology for Surveillance and Future Combat,Proceedings of the Fourth International Conference on Trends in Computational and Cognitive Engineering,,,,10.1007/978-981-19-9483-8_14,Shamim AhmedMd. Khoshnur AlamM. Rifat Abdullah DipuSwarna DebnathSadia HaqueTaiba Akhter,2023,https://link.springer.com/chapter/10.1007/978-981-19-9483-8_14,Conference paper
An Adaptive Local Grid Nesting-based Genetic Algorithm for Multi-earth Observation Satellites’ Area Target Observation,Journal of Systems Science and Systems Engineering,,,,10.1007/s11518-024-5591-2,Ligang XingWei XiaXiaoxuan HuWaiming ZhuYi Wu,2024,https://link.springer.com/article/10.1007/s11518-024-5591-2,Article
The use of drones for mosquito surveillance and control,Parasites & Vectors,,,,10.1186/s13071-022-05580-5,Gabriel Carrasco-EscobarMarta MorenoKimberly FornaceManuela Herrera-VarelaEdgar ManriqueJan E. Conn,2022,https://link.springer.com/article/10.1186/s13071-022-05580-5,Article
Energy-aware ACO-DNN optimization model for intrusion detection of unmanned aerial vehicle (UAVs),Journal of Ambient Intelligence and Humanized Computing,,,,10.1007/s12652-022-04362-2,Jitendra Kumar SamriyaMohit KumarRajeev Tiwari,2022,https://link.springer.com/article/10.1007/s12652-022-04362-2,Article
Landslide susceptibility prediction method based on HSOM and IABPA-CNN in Wenchuan earthquake disaster area,Journal of Mountain Science,,,,10.1007/s11629-024-8971-7,Dunlong LiuQian XiangXuejia SangShaojie ZhangHongjuan Yang,2024,https://link.springer.com/article/10.1007/s11629-024-8971-7,Article
High-Quality and Energy-Efficient Sensory Data Collection for IoT Systems,Arabian Journal for Science and Engineering,,,,10.1007/s13369-024-09364-0,Hualing LiuDefu CuiQian MaYiwen LiuGuanyu Li,2024,https://link.springer.com/article/10.1007/s13369-024-09364-0,Article
Green IoT: A Short Survey on Technical Evolution &amp; Techniques,Wireless Personal Communications,,,,10.1007/s11277-021-09142-3,Sakshi PopliRakesh Kumar JhaSanjeev Jain,2021,https://link.springer.com/article/10.1007/s11277-021-09142-3,Article
A Semi-Automated Solution Approach Recommender for a Given Use Case: a Case Study for AI/ML in Oncology via Scopus and OpenAI,Human-Centric Intelligent Systems,,,,10.1007/s44230-024-00070-6,Deniz Kenan KılıçAlex Elkjær VasegaardAurélien DesoeuvresPeter Nielsen,2024,https://link.springer.com/article/10.1007/s44230-024-00070-6,Article
Improved Stable Election Protocol with Self-Controlled Mobile Sink for Energy Management in WSNs,Arabian Journal for Science and Engineering,,,,10.1007/s13369-024-09698-9,Mohamed GuedmaniMohamed Ould Zmirli,2024,https://link.springer.com/article/10.1007/s13369-024-09698-9,Article
UAV Placement and Resource Management in Public Safety Networks: An Overview,Intelligent Unmanned Air Vehicles Communications for Public Safety Networks,,,,10.1007/978-981-19-1292-4_2,Rizwana ShahzadiMudassar AliMuhammad Naeem,2022,https://link.springer.com/chapter/10.1007/978-981-19-1292-4_2,Chapter
Optimizing flight path accuracy of an autonomous quadrotor in windy conditions: integrated control strategies for tracking under perturbations and uncertainties,International Journal of Dynamics and Control,,,,10.1007/s40435-024-01487-4,Sherif I. AbdelmaksoudMusa Mailah,2024,https://link.springer.com/article/10.1007/s40435-024-01487-4,Article
Autonomous Vehicles and Delivery Robots in SCM,"Blockchain, IoT, and AI Technologies for Supply Chain Management",,,,10.1007/979-8-8688-0315-4_11,D. PreethiR. S. ValarmathiG. Sasikala,2024,https://link.springer.com/chapter/10.1007/979-8-8688-0315-4_11,Chapter
"Review on energy conservation and congestion mechanism in mobile WSN: taxonomy, software programs, challenges, and future trends",Wireless Networks,,,,10.1007/s11276-023-03340-6,Jeen Shene SSam Emmanuel W RVimal Kumar Stephen K,2023,https://link.springer.com/article/10.1007/s11276-023-03340-6,Article
Swarm Robotics Behaviors and Tasks: A Technical Review,Control Engineering in Robotics and Industrial Automation,,,,10.1007/978-3-030-74540-0_5,M. H. A. MajidM. R. ArshadR. M. Mokhtar,2022,https://link.springer.com/chapter/10.1007/978-3-030-74540-0_5,Chapter
Cloud-Based Drone Management System in Smart Cities,"Development and Future of Internet of Drones (IoD): Insights, Trends and Road Ahead",,,,10.1007/978-3-030-63339-4_8,Dinh-Dung Nguyen,2021,https://link.springer.com/chapter/10.1007/978-3-030-63339-4_8,Chapter
Robotics in Industry 4.0,"Handbook of Smart Materials, Technologies, and Devices",,,,10.1007/978-3-030-84205-5_68,Ashwin MisraAnuj AgrawalVihaan Misra,2022,https://link.springer.com/rwe/10.1007/978-3-030-84205-5_68,Reference work entry
SP2E: Online Spiral Coverage with Proactive Prevention Extremum for Unknown Environments,Journal of Intelligent & Robotic Systems,,,,10.1007/s10846-023-01844-z,Lin LiDianxi ShiSongchang JinShaowu YangYaoning LianHengzhu Liu,2023,https://link.springer.com/article/10.1007/s10846-023-01844-z,Article
Quantum-inspired metaheuristic algorithms: comprehensive survey and classification,Artificial Intelligence Review,,,,10.1007/s10462-022-10280-8,Farhad Soleimanian Gharehchopogh,2022,https://link.springer.com/article/10.1007/s10462-022-10280-8,Article
A large-scale clustering and 3D trajectory optimization approach for UAV swarms,Science China Information Sciences,,,,10.1007/s11432-020-3013-1,Ting MaHaibo ZhouBo QianAiyong Fu,2021,https://link.springer.com/article/10.1007/s11432-020-3013-1,Article
Intelligent fish farm—the future of aquaculture,Aquaculture International,,,,10.1007/s10499-021-00773-8,Cong WangZhen LiTan WangXianbao XuXiaoshuan ZhangDaoliang Li,2021,https://link.springer.com/article/10.1007/s10499-021-00773-8,Article
A comprehensive review of machine learning applications for internet of nano things: challenges and future directions,Artificial Intelligence Review,,,,10.1007/s10462-025-11211-z,Aryan RanaDeepika GautamPankaj KumarKranti KumarAthanasios V. VasilakosAshok Kumar DasVivekananda Bhat K,2025,https://link.springer.com/article/10.1007/s10462-025-11211-z,Article
Throughput analysis and optimization for NOMA Multi-UAV assisted disaster communication using CMA-ES,Wireless Networks,,,,10.1007/s11276-021-02771-3,Le-Mai-Duyen NguyenVan Nhan VoChakchai So-InViet-Hung Dang,2021,https://link.springer.com/article/10.1007/s11276-021-02771-3,Article
The mapping trick: leveraging RoboSoccer obstacle avoidance and navigation for advanced task scheduling solutions in foggy IoE ecosystems,The Journal of Supercomputing,,,,10.1007/s11227-025-07147-4,Seyed Omid AzarkasbSeyed Hossein Khasteh,2025,https://link.springer.com/article/10.1007/s11227-025-07147-4,Article
Applied Unmanned Aerial Vehicle Technologies: Opportunities and Constraints,"Sensing, Data Managing, and Control Technologies for Agricultural Systems",,,,10.1007/978-3-031-03834-1_11,Yongjun ZhengShenghui YangShijie Jiang,2022,https://link.springer.com/chapter/10.1007/978-3-031-03834-1_11,Chapter
Haptic Feedback Remote Control System for Electric Mechanical Assembly Vehicle Developed to Avoid Obstacles,Journal of Intelligent & Robotic Systems,,,,10.1007/s10846-023-01824-3,Paweł KowolPaweł NowakWacław BanaśPrzemysław BagierGrazia Lo Sciuto,2023,https://link.springer.com/article/10.1007/s10846-023-01824-3,Article
Reinforcement learning applications in environmental sustainability: a review,Artificial Intelligence Review,,,,10.1007/s10462-024-10706-5,Maddalena ZuccottoAlberto CastelliniDavide La TorreLapo MolaAlessandro Farinelli,2024,https://link.springer.com/article/10.1007/s10462-024-10706-5,Article
Optoelectronic Navigation Systems of Autonomous Mobile Ground Robots in Non-deterministic Environment,Optoelectronic Devices in Robotic Systems,,,,10.1007/978-3-031-09791-1_11,Oleg Sergiyenko,2022,https://link.springer.com/chapter/10.1007/978-3-031-09791-1_11,Chapter
Performance optimization of UAV-based IoT communications using a novel constrained gravitational search algorithm,Neural Computing and Applications,,,,10.1007/s00521-021-06178-1,Sepehr Ebrahimi MoodMing DingZihuai LinMohammad Masoud Javidi,2021,https://link.springer.com/article/10.1007/s00521-021-06178-1,Article
Joint task caching and privacy protecting task offloading for edge computing in industrial internet,Computing,,,,10.1007/s00607-025-01500-4,Yanping ChenHengyuan ZhangXiaomin JinHaizhou LiuZhongmin Wang,2025,https://link.springer.com/article/10.1007/s00607-025-01500-4,Article
Monocular-Based SLAM for Mobile Robots: Filtering-Optimization Hybrid Approach,Journal of Intelligent & Robotic Systems,,,,10.1007/s10846-023-01981-5,Rodrigo MunguiaJuan-Carlos TrujilloGuillermo Obregón-PulidoCarlos I. Aldana,2023,https://link.springer.com/article/10.1007/s10846-023-01981-5,Article
Improved artificial rabbits algorithm for global optimization and multi-level thresholding color image segmentation,Artificial Intelligence Review,,,,10.1007/s10462-024-11035-3,Heming JiaYuanyuan SuHonghua RaoMuzi LiangLaith AbualigahChibiao LiuXiaoguo Chen,2024,https://link.springer.com/article/10.1007/s10462-024-11035-3,Article
"A comprehensive survey on securing the social internet of things: protocols, threat mitigation, technological integrations, tools, and performance metrics",Scientific Reports,,,,10.1038/s41598-025-23865-4,Deepa Ashok PatilShyamala G.,2025,https://link.springer.com/article/10.1038/s41598-025-23865-4,Article
"Physical AI: bridging the sim-to-real divide toward embodied, ethical, and autonomous intelligence",Machine Learning for Computational Science and Engineering,,,,10.1007/s44379-025-00050-y,Partha Pratim Ray,2025,https://link.springer.com/article/10.1007/s44379-025-00050-y,Article
Social Structure to Artificial Implementation: Honeybees,Congress on Intelligent Systems,,,,10.1007/978-981-16-9113-3_21,Amit Singh,2022,https://link.springer.com/chapter/10.1007/978-981-16-9113-3_21,Conference paper
Robotics in Industry 4.0,"Handbook of Smart Materials, Technologies, and Devices",,,,10.1007/978-3-030-58675-1_68-1,Ashwin MisraAnuj AgrawalVihaan Misra,2021,https://link.springer.com/rwe/10.1007/978-3-030-58675-1_68-1,Living reference work entry
"Unveiling the Cutting Edge: A Comprehensive Survey of Localization Techniques in WSN, Leveraging Optimization and Machine Learning Approaches",Wireless Personal Communications,,,,10.1007/s11277-023-10630-x,Preeti YadavS. C. Sharma,2023,https://link.springer.com/article/10.1007/s11277-023-10630-x,Article
"Past, Present, and Future of Swarm Robotics",Intelligent Systems and Applications,,,,10.1007/978-3-030-82199-9_13,Ahmad Reza CheraghiSahdia ShahzadKalman Graffi,2022,https://link.springer.com/chapter/10.1007/978-3-030-82199-9_13,Conference paper
"Advancements in arithmetic optimization algorithm: theoretical foundations, variants, and applications",Multimedia Tools and Applications,,,,10.1007/s11042-023-17084-0,Vijay Kumar,2023,https://link.springer.com/article/10.1007/s11042-023-17084-0,Article
Using Multi-UAV for Rescue Environment Mapping: Task Planning Optimization Approach,CONTROLO 2020,,,,10.1007/978-3-030-58653-9_49,Ricardo RosaThadeu BritoAna I. PereiraJosé LimaMarco A. Wehrmeister,2021,https://link.springer.com/chapter/10.1007/978-3-030-58653-9_49,Conference paper
"HMDCS-UV: A concept study of Hybrid Monitoring, Detection and Cleaning System for Unmanned Vehicles",Journal of Intelligent & Robotic Systems,,,,10.1007/s10846-021-01372-8,Salima BellaGhalem BelalemAssia BelbachirHichem Benfriha,2021,https://link.springer.com/article/10.1007/s10846-021-01372-8,Article
Computations and Methods,Computational Artificial Intelligence and Methods for industries,,,,10.1007/978-981-96-5277-8_2,Vijayarangan Natarajan,2025,https://link.springer.com/chapter/10.1007/978-981-96-5277-8_2,Chapter
Distributed Greedy Approach for Autonomous Surveillance Using Unmanned Aerial Vehicles,High Performance Computing,,,,10.1007/978-3-030-68035-0_10,Santiago BehakGiovani RondánMartín ZanettiSantiago IturriagaSergio Nesmachnow,2021,https://link.springer.com/chapter/10.1007/978-3-030-68035-0_10,Conference paper
"A comprehensive review of digital twin—part 2: roles of uncertainty quantification and optimization, a battery digital twin, and perspectives",Structural and Multidisciplinary Optimization,,,,10.1007/s00158-022-03410-x,Adam ThelenXiaoge ZhangOlga FinkYan LuSayan GhoshByeng D. YounMichael D. ToddSankaran MahadevanChao HuZhen Hu,2022,https://link.springer.com/article/10.1007/s00158-022-03410-x,Article
Fruit Fly Algorithm: A Brief Review,Intelligent and Cloud Computing,,,,10.1007/978-981-15-6202-0_54,Rasmita RautrayShreyasi BiswasRasmita DashRajashree Dash,2021,https://link.springer.com/chapter/10.1007/978-981-15-6202-0_54,Conference paper